,Rk,Player,Yds,Att,Date,Age,Team,Unnamed: 7,Opp,Result,Cmp,Att.1,Inc,Cmp%,Yds.1,TD,Int,Pick6,TD%,Int%,Rate,Sk,Yds.2,Sk%,Y/A,AY/A,ANY/A,Y/C,Draft,Pos.,Draft.1,Player-additional
0,1,Joe Burrow,525,46,2021-12-26,25-016,CIN,,BAL,W 41-21,37,46,9,80.4,525,4,0,,8.7,0.0,143.2,3,27,6.12,11.4,13.15,11.8,14.2,1-1,QB,1-1,BurrJo01
1,2,Joe Burrow,446,39,2022-01-02,25-023,CIN,,KAN,W 34-31,30,39,9,76.9,446,4,0,,10.3,0.0,148.0,4,31,9.3,11.4,13.49,11.51,14.9,1-1,QB,1-1,BurrJo01
2,3,Dak Prescott,445,51,2021-10-17,28-080,DAL,@,NWE,W 35-29 (OT),36,51,15,70.6,445,3,1,,5.9,2.0,108.7,0,0,0.0,8.7,9.02,9.02,12.4,4-135,QB,4-135,PresDa01
3,4,Lamar Jackson,442,43,2021-10-11,24-277,BAL,,IND,W 31-25 (OT),37,43,6,86.0,442,4,0,,9.3,0.0,140.5,2,5,4.44,10.3,12.14,11.49,11.9,1-32,QB,1-32,JackLa00
4,5,Derek Carr,435,56,2021-09-13,30-169,LVR,,BAL,W 33-27 (OT),34,56,22,60.7,435,2,1,,3.6,1.8,89.5,3,26,5.08,7.8,7.68,6.85,12.8,2-36,QB,2-36,CarrDe02
5,6,Tom Brady,432,55,2021-09-26,44-054,TAM,@,LAR,L 24-34,41,55,14,74.5,432,1,0,,1.8,0.0,103.0,3,21,5.17,7.9,8.22,7.43,10.5,6-199,QB,6-199,BradTo00
6,7,Joe Burrow,416,38,2021-10-24,24-318,CIN,@,BAL,W 41-17,23,38,15,60.5,416,3,1,,7.9,2.6,113.5,1,7,2.56,10.9,11.34,10.87,18.1,1-1,QB,1-1,BurrJo01
7,8,Tom Brady,411,41,2021-10-10,44-068,TAM,,MIA,W 45-17,30,41,11,73.2,411,5,0,,12.2,0.0,144.4,2,15,4.65,10.0,12.46,11.53,13.7,6-199,QB,6-199,BradTo00
8,9,Tom Brady,410,50,2022-01-02,44-152,TAM,@,NYJ,W 28-24,34,50,16,68.0,410,3,1,,6.0,2.0,104.6,1,5,1.96,8.2,8.5,8.24,12.1,6-199,QB,6-199,BradTo00
9,10,Patrick Mahomes,410,47,2021-12-16,26-090,KAN,@,LAC,W 34-28 (OT),31,47,16,66.0,410,3,1,,6.4,2.1,105.8,1,0,2.08,8.7,9.04,8.85,13.2,1-10,QB,1-10,MahoPa00
10,11,Patrick Mahomes,406,50,2021-11-14,26-058,KAN,@,LVR,W 41-14,35,50,15,70.0,406,5,0,,10.0,0.0,127.6,0,0,0.0,8.1,10.12,10.12,11.6,1-10,QB,1-10,MahoPa00
11,12,Mike White,405,45,2021-10-31,26-220,NYJ,,CIN,W 34-31,37,45,8,82.2,405,3,2,,6.7,4.4,107.9,2,8,4.26,9.0,8.33,7.81,10.9,5-171,QB,5-171,WhitMi01
12,13,Dak Prescott,403,58,2021-09-09,28-042,DAL,@,TAM,L 29-31,42,58,16,72.4,403,3,1,,5.2,1.7,101.4,1,12,1.69,6.9,7.21,6.88,9.6,4-135,QB,4-135,PresDa01
13,14,Daniel Jones,402,40,2021-10-03,24-129,NYG,@,NOR,W 27-21 (OT),28,40,12,70.0,402,2,1,,5.0,2.5,108.5,0,0,0.0,10.1,9.93,9.93,14.4,1-6,QB,1-6,JoneDa05
14,15,Carson Wentz,402,35,2021-10-11,28-285,IND,@,BAL,L 25-31 (OT),25,35,10,71.4,402,2,0,,5.7,0.0,128.5,2,12,5.41,11.5,12.63,11.62,16.1,1-2,QB,1-2,WentCa00
15,16,Kyler Murray,400,36,2021-09-19,24-043,ARI,,MIN,W 34-33,29,36,7,80.6,400,3,2,1.0,8.3,5.6,117.6,3,29,7.69,11.1,10.28,8.74,13.8,1-1,QB,1-1,MurrKy00
16,17,Justin Herbert,398,43,2021-10-10,23-214,LAC,,CLE,W 47-42,26,43,17,60.5,398,4,0,,9.3,0.0,122.0,2,17,4.44,9.3,11.12,10.24,15.3,1-6,QB,1-6,HerbJu00
17,18,Patrick Mahomes,397,47,2021-10-17,26-030,KAN,@,WAS,W 31-13,32,47,15,68.1,397,2,2,,4.3,4.3,90.5,3,7,6.0,8.4,7.38,6.8,12.4,1-10,QB,1-10,MahoPa00
18,19,Jalen Hurts,387,48,2021-10-03,23-057,PHI,,KAN,L 30-42,32,48,16,66.7,387,2,0,,4.2,0.0,105.1,3,29,5.88,8.1,8.9,7.8,12.1,2-53,QB,2-53,HurtJa00
19,20,Derek Carr,386,43,2021-09-26,30-182,LVR,,MIA,W 31-28 (OT),26,43,17,60.5,386,2,1,1.0,4.7,2.3,95.7,3,29,6.52,9.0,8.86,7.65,14.8,2-36,QB,2-36,CarrDe02
20,21,Aaron Rodgers,385,33,2021-11-21,37-354,GNB,@,MIN,L 31-34,23,33,10,69.7,385,4,0,,12.1,0.0,148.4,2,13,5.71,11.7,14.09,12.91,16.7,1-24,QB,1-24,RodgAa00
21,22,Justin Herbert,383,64,2022-01-09,23-305,LAC,@,LVR,L 32-35 (OT),34,64,30,53.1,383,3,1,,4.7,1.6,80.4,3,28,4.48,6.0,6.22,5.52,11.3,1-6,QB,1-6,HerbJu00
22,23,Kyler Murray,383,49,2021-12-13,24-128,ARI,,LAR,L 23-30,32,49,17,65.3,383,0,2,,0.0,4.1,72.1,4,39,7.55,7.8,5.98,4.79,12.0,1-1,QB,1-1,MurrKy00
23,24,Derek Carr,382,37,2021-09-19,30-175,LVR,@,PIT,W 26-17,28,37,9,75.7,382,2,0,,5.4,0.0,126.2,2,9,5.13,10.3,11.41,10.59,13.6,2-36,QB,2-36,CarrDe02
24,25,Justin Herbert,382,41,2021-11-21,23-256,LAC,,PIT,W 41-37,30,41,11,73.2,382,3,1,,7.3,2.4,116.1,2,8,4.65,9.3,9.68,9.05,12.7,1-6,QB,1-6,HerbJu00
25,26,Tom Brady,379,50,2021-09-09,44-037,TAM,,DAL,W 31-29,32,50,18,64.0,379,4,2,,8.0,4.0,97.0,0,0,0.0,7.6,7.38,7.38,11.8,6-199,QB,6-199,BradTo00
26,27,Tom Brady,375,40,2021-10-31,44-089,TAM,@,NOR,L 27-36,28,40,12,70.0,375,4,2,1.0,10.0,5.0,112.0,3,25,6.98,9.4,9.13,7.91,13.4,6-199,QB,6-199,BradTo00
27,28,Dak Prescott,375,47,2021-11-25,28-119,DAL,,LVR,L 33-36 (OT),32,47,15,68.1,375,2,0,,4.3,0.0,106.2,1,2,2.08,8.0,8.83,8.6,11.7,4-135,QB,4-135,PresDa01
28,29,Derek Carr,373,39,2021-11-25,30-242,LVR,@,DAL,W 36-33 (OT),24,39,15,61.5,373,1,0,,2.6,0.0,101.8,3,7,7.14,9.6,10.08,9.19,15.5,2-36,QB,2-36,CarrDe02
29,30,Kirk Cousins,373,48,2021-10-17,33-059,MIN,@,CAR,W 34-28 (OT),33,48,15,68.8,373,3,0,,6.3,0.0,112.6,0,0,0.0,7.8,9.02,9.02,11.3,4-102,QB,4-102,CousKi00
30,31,Tom Brady,368,51,2021-12-05,44-124,TAM,@,ATL,W 30-17,38,51,13,74.5,368,4,1,1.0,7.8,2.0,112.2,0,0,0.0,7.2,7.9,7.9,9.7,6-199,QB,6-199,BradTo00
31,32,Josh Allen,366,28,2021-11-14,25-177,BUF,@,NYJ,W 45-17,21,28,7,75.0,366,2,1,,7.1,3.6,125.6,2,16,6.67,13.1,12.89,11.5,17.4,1-7,QB,1-7,AlleJo02
32,33,Matthew Stafford,365,37,2021-10-07,33-242,LAR,@,SEA,W 26-17,25,37,12,67.6,365,1,1,,2.7,2.7,97.2,1,7,2.63,9.9,9.19,8.76,14.6,1-1,QB,1-1,StafMa00
33,34,Tom Brady,363,46,2021-12-12,44-131,TAM,,BUF,W 33-27 (OT),31,46,15,67.4,363,2,0,,4.3,0.0,105.6,2,12,4.17,7.9,8.76,8.15,11.7,6-199,QB,6-199,BradTo00
34,35,Josh Allen,358,43,2021-09-26,25-128,BUF,,WAS,W 43-21,32,43,11,74.4,358,4,0,,9.3,0.0,129.8,0,0,0.0,8.3,10.19,10.19,11.2,1-7,QB,1-7,AlleJo02
35,36,Justin Herbert,356,38,2021-11-07,23-242,LAC,@,PHI,W 27-24,32,38,6,84.2,356,2,0,,5.3,0.0,123.2,0,0,0.0,9.4,10.42,10.42,11.1,1-6,QB,1-6,HerbJu00
36,37,Josh Allen,353,47,2021-10-18,25-150,BUF,@,TEN,L 31-34,35,47,12,74.5,353,3,1,,6.4,2.1,107.8,3,18,6.0,7.5,7.83,7.0,10.1,1-7,QB,1-7,AlleJo02
37,38,Kirk Cousins,351,49,2021-09-12,33-024,MIN,@,CIN,L 24-27 (OT),36,49,13,73.5,351,2,0,,4.1,0.0,106.8,3,26,5.77,7.2,7.98,7.02,9.8,4-102,QB,4-102,CousKi00
38,39,Joe Burrow,348,32,2021-09-30,24-294,CIN,,JAX,W 24-21,25,32,7,78.1,348,2,0,,6.3,0.0,132.8,1,6,3.03,10.9,12.13,11.58,13.9,1-1,QB,1-1,BurrJo01
39,40,Joe Burrow,348,34,2021-12-12,25-002,CIN,,SFO,L 23-26 (OT),25,34,9,73.5,348,2,0,,5.9,0.0,125.6,5,37,12.82,10.2,11.41,9.0,13.9,1-1,QB,1-1,BurrJo01
40,41,Ryan Tannehill,347,40,2021-09-19,33-054,TEN,@,SEA,W 33-30 (OT),27,40,13,67.5,347,0,0,,0.0,0.0,94.5,3,27,6.98,8.7,8.68,7.44,12.9,1-8,QB,1-8,TannRy00
41,42,Aaron Rodgers,344,39,2021-10-10,37-312,GNB,@,CIN,W 25-22 (OT),27,39,12,69.2,344,2,1,,5.1,2.6,102.9,2,11,4.88,8.8,8.69,8.0,12.7,1-24,QB,1-24,RodgAa00
42,43,Patrick Mahomes,343,31,2021-09-19,26-002,KAN,@,BAL,L 35-36,24,31,7,77.4,343,3,1,,9.7,3.2,131.5,0,0,0.0,11.1,11.55,11.55,14.3,1-10,QB,1-10,MahoPa00
43,44,Matt Ryan,343,30,2021-11-07,36-174,ATL,@,NOR,W 27-25,23,30,7,76.7,343,2,0,,6.7,0.0,135.8,2,11,6.25,11.4,12.77,11.63,14.9,1-3,QB,1-3,RyanMa00
44,45,Matthew Stafford,343,38,2021-09-26,33-231,LAR,,TAM,W 34-24,27,38,11,71.1,343,4,0,,10.5,0.0,134.0,1,12,2.56,9.0,11.13,10.54,12.7,1-1,QB,1-1,StafMa00
45,46,Russell Wilson,343,31,2021-09-19,32-294,SEA,,TEN,L 30-33 (OT),22,31,9,71.0,343,2,0,,6.5,0.0,128.8,3,23,8.82,11.1,12.35,10.59,15.6,3-75,QB,3-75,WilsRu00
46,47,Matt Ryan,342,45,2021-10-10,36-146,ATL,,NYJ,W 27-20,33,45,12,73.3,342,2,0,,4.4,0.0,109.7,0,0,0.0,7.6,8.49,8.49,10.4,1-3,QB,1-3,RyanMa00
47,48,Derek Carr,341,27,2021-10-17,30-203,LVR,@,DEN,W 34-24,18,27,9,66.7,341,2,0,,7.4,0.0,134.4,2,1,6.9,12.6,14.11,13.1,18.9,2-36,QB,2-36,CarrDe02
48,49,Kirk Cousins,341,35,2021-11-21,33-094,MIN,,GNB,W 34-31,24,35,11,68.6,341,3,0,,8.6,0.0,128.4,2,23,5.41,9.7,11.46,10.22,14.2,4-102,QB,4-102,CousKi00
49,50,Aaron Rodgers,341,37,2021-12-12,38-010,GNB,,CHI,W 45-30,29,37,8,78.4,341,4,0,,10.8,0.0,141.1,3,21,7.5,9.2,11.38,10.0,11.8,1-24,QB,1-24,RodgAa00
50,51,Kirk Cousins,340,40,2021-12-05,33-108,MIN,@,DET,L 27-29,30,40,10,75.0,340,2,0,,5.0,0.0,116.7,3,14,6.98,8.5,9.5,8.51,11.3,4-102,QB,4-102,CousKi00
51,52,Jared Goff,338,57,2021-09-12,26-333,DET,,SFO,L 33-41,38,57,19,66.7,338,3,1,1.0,5.3,1.8,92.6,3,24,5.0,5.9,6.19,5.48,8.9,1-1,QB,1-1,GoffJa00
52,53,Justin Herbert,338,41,2021-09-19,23-193,LAC,,DAL,L 17-20,31,41,10,75.6,338,1,2,,2.4,4.9,87.2,2,25,4.65,8.2,6.54,5.65,10.9,1-6,QB,1-6,HerbJu00
53,54,Justin Herbert,337,47,2021-09-12,23-186,LAC,@,WAS,W 20-16,31,47,16,66.0,337,1,1,,2.1,2.1,85.2,2,3,4.08,7.2,6.64,6.31,10.9,1-6,QB,1-6,HerbJu00
54,55,Patrick Mahomes,337,36,2021-09-12,25-360,KAN,,CLE,W 33-29,27,36,9,75.0,337,3,0,,8.3,0.0,131.4,2,13,5.26,9.4,11.03,10.11,12.5,1-10,QB,1-10,MahoPa00
55,56,Taylor Heinicke,336,46,2021-09-16,28-185,WAS,,NYG,W 30-29,34,46,12,73.9,336,2,1,,4.3,2.2,99.5,1,16,2.13,7.3,7.2,6.7,9.9,,QB,,HeinTa00
56,57,Justin Herbert,336,35,2021-12-26,23-291,LAC,@,HOU,L 29-41,27,35,8,77.1,336,1,2,1.0,2.9,5.7,92.1,1,8,2.78,9.6,7.6,7.17,12.4,1-6,QB,1-6,HerbJu00
57,58,Matt Ryan,336,40,2021-10-24,36-160,ATL,@,MIA,W 30-28,25,40,15,62.5,336,2,1,,5.0,2.5,95.4,1,11,2.44,8.4,8.28,7.8,13.4,1-3,QB,1-3,RyanMa00
58,59,Teddy Bridgewater,334,49,2021-10-17,28-341,DEN,,LVR,L 24-34,35,49,14,71.4,334,3,3,,6.1,6.1,84.9,5,25,9.26,6.8,5.29,4.33,9.5,1-32,QB,1-32,BridTe00
59,60,Matthew Stafford,334,41,2021-10-24,33-259,LAR,,DET,W 28-19,28,41,13,68.3,334,3,0,,7.3,0.0,117.3,1,7,2.38,8.1,9.61,9.21,11.9,1-1,QB,1-1,StafMa00
60,61,Trevor Lawrence,332,51,2021-09-12,21-341,JAX,@,HOU,L 21-37,28,51,23,54.9,332,3,3,,5.9,5.9,70.1,1,13,1.92,6.5,5.04,4.69,11.9,1-1,QB,1-1,LawrTr00
61,62,Davis Mills,331,49,2021-12-12,23-052,HOU,,SEA,L 13-33,33,49,16,67.3,331,1,0,,2.0,0.0,93.2,2,14,3.92,6.8,7.16,6.61,10.0,3-67,QB,3-67,MillDa02
62,63,Dak Prescott,330,39,2021-12-26,28-150,DAL,,WAS,W 56-14,28,39,11,71.8,330,4,0,,10.3,0.0,131.4,3,11,7.14,8.5,10.51,9.5,11.8,4-135,QB,4-135,PresDa01
63,64,Tua Tagovailoa,329,47,2021-10-17,23-229,MIA,@,JAX,L 20-23,33,47,14,70.2,329,2,1,,4.3,2.1,95.1,0,0,0.0,7.0,6.89,6.89,10.0,1-5,QB,1-5,TagoTu00
64,65,Teddy Bridgewater,328,34,2021-09-19,28-313,DEN,@,JAX,W 23-13,26,34,8,76.5,328,2,0,,5.9,0.0,125.6,3,26,8.11,9.6,10.82,9.24,12.6,1-32,QB,1-32,BridTe00
65,66,Colt McCoy,328,44,2021-11-21,35-077,ARI,@,SEA,W 23-13,35,44,9,79.5,328,2,0,,4.5,0.0,112.9,2,10,4.35,7.5,8.36,7.78,9.4,3-85,QB,3-85,McCoCo00
66,67,Tom Brady,326,37,2022-01-09,44-159,TAM,,CAR,W 41-17,29,37,8,78.4,326,3,0,,8.1,0.0,130.4,1,2,2.63,8.8,10.43,10.11,11.2,6-199,QB,6-199,BradTo00
67,68,Jimmy Garoppolo,326,40,2021-11-07,30-005,SFO,,ARI,L 17-31,28,40,12,70.0,326,2,1,,5.0,2.5,100.6,5,28,11.11,8.2,8.03,6.51,11.6,2-62,QB,2-62,GaroJi00
68,69,Jalen Hurts,326,39,2021-09-27,23-051,PHI,@,DAL,L 21-41,25,39,14,64.1,326,2,2,1.0,5.1,5.1,86.1,2,23,4.88,8.4,7.08,6.17,13.0,2-53,QB,2-53,HurtJa00
69,70,Andy Dalton,325,48,2022-01-09,34-072,CHI,@,MIN,L 17-31,33,48,15,68.8,325,1,2,1.0,2.1,4.2,77.2,7,59,12.73,6.8,5.31,3.56,9.8,2-35,QB,2-35,DaltAn00
70,71,Cooper Rush,325,40,2021-10-31,27-344,DAL,@,MIN,W 20-16,24,40,16,60.0,325,2,1,,5.0,2.5,92.2,3,19,6.98,8.1,8.0,7.0,13.5,,QB,,RushCo00
71,72,Derek Carr,323,34,2021-10-24,30-210,LVR,,PHI,W 33-22,31,34,3,91.2,323,2,1,,5.9,2.9,113.6,0,0,0.0,9.5,9.35,9.35,10.4,2-36,QB,2-36,CarrDe02
72,73,Kirk Cousins,323,38,2021-09-26,33-038,MIN,,SEA,W 30-17,30,38,8,78.9,323,3,0,,7.9,0.0,128.4,1,10,2.56,8.5,10.08,9.56,10.8,4-102,QB,4-102,CousKi00
73,74,Ryan Tannehill,323,52,2021-11-21,33-117,TEN,,HOU,L 13-22,35,52,17,67.3,323,1,4,,1.9,7.7,58.4,2,6,3.7,6.2,3.13,2.91,9.2,1-8,QB,1-8,TannRy00
74,75,Jimmy Garoppolo,322,28,2021-10-31,29-363,SFO,@,CHI,W 33-22,17,28,11,60.7,322,0,0,,0.0,0.0,100.6,0,0,0.0,11.5,11.5,11.5,18.9,2-62,QB,2-62,GaroJi00
75,76,Jimmy Garoppolo,322,35,2021-12-23,30-051,SFO,@,TEN,L 17-20,26,35,9,74.3,322,1,2,,2.9,5.7,88.0,2,16,5.41,9.2,7.2,6.38,12.4,2-62,QB,2-62,GaroJi00
76,77,Baker Mayfield,321,28,2021-09-12,26-151,CLE,@,KAN,L 29-33,21,28,7,75.0,321,0,1,,0.0,3.6,97.5,2,17,6.67,11.5,9.86,8.63,15.3,1-1,QB,1-1,MayfBa00
77,78,Matthew Stafford,321,26,2021-09-12,33-217,LAR,,CHI,W 34-14,20,26,6,76.9,321,3,0,,11.5,0.0,156.1,1,9,3.7,12.3,14.65,13.78,16.1,1-1,QB,1-1,StafMa00
78,79,Trevor Lawrence,319,41,2021-10-17,22-011,JAX,,MIA,W 23-20,25,41,16,61.0,319,1,0,,2.4,0.0,93.4,2,7,4.65,7.8,8.27,7.72,12.8,1-1,QB,1-1,LawrTr00
79,80,Ben Roethlisberger,318,58,2021-09-26,39-208,PIT,,CIN,L 10-24,38,58,20,65.5,318,1,2,,1.7,3.4,70.9,4,21,6.45,5.5,4.28,3.66,8.4,1-11,QB,1-11,RoetBe00
80,81,Andy Dalton,317,39,2021-11-25,34-027,CHI,@,DET,W 16-14,24,39,15,61.5,317,1,1,,2.6,2.6,85.1,1,7,2.5,8.1,7.49,7.13,13.2,2-35,QB,2-35,DaltAn00
81,82,Justin Herbert,317,35,2021-12-05,23-270,LAC,@,CIN,W 41-22,26,35,9,74.3,317,3,1,,8.6,2.9,118.4,4,33,10.26,9.1,9.49,7.67,12.2,1-6,QB,1-6,HerbJu00
82,83,Josh Johnson,317,41,2021-11-04,35-173,NYJ,@,IND,L 30-45,27,41,14,65.9,317,3,1,,7.3,2.4,103.4,2,14,4.65,7.7,8.1,7.4,11.7,5-160,QB,5-160,JohnJo05
83,84,Jimmy Garoppolo,316,32,2022-01-09,30-068,SFO,@,LAR,W 27-24 (OT),23,32,9,71.9,316,1,2,,3.1,6.3,87.5,3,26,8.57,9.9,7.69,6.29,13.7,2-62,QB,2-62,GaroJi00
84,85,Lamar Jackson,316,37,2021-10-03,24-269,BAL,@,DEN,W 23-7,22,37,15,59.5,316,1,0,,2.7,0.0,96.2,3,12,7.5,8.5,9.08,8.1,14.4,1-32,QB,1-32,JackLa00
85,86,Kyler Murray,316,34,2021-09-26,24-050,ARI,@,JAX,W 31-19,28,34,6,82.4,316,0,1,,0.0,2.9,93.1,0,0,0.0,9.3,7.97,7.97,11.3,1-1,QB,1-1,MurrKy00
86,87,Josh Allen,315,26,2021-10-10,25-142,BUF,@,KAN,W 38-20,15,26,11,57.7,315,3,0,,11.5,0.0,139.1,0,0,0.0,12.1,14.42,14.42,21.0,1-7,QB,1-7,AlleJo02
87,88,Kirk Cousins,315,38,2021-12-26,33-129,MIN,,LAR,L 23-30,27,38,11,71.1,315,1,1,,2.6,2.6,93.6,3,20,7.32,8.3,7.63,6.59,11.7,4-102,QB,4-102,CousKi00
88,89,Josh Allen,314,47,2021-12-26,25-219,BUF,@,NWE,W 33-21,30,47,17,63.8,314,3,0,,6.4,0.0,104.4,0,0,0.0,6.7,7.96,7.96,10.5,1-7,QB,1-7,AlleJo02
89,90,Jimmy Garoppolo,314,25,2021-09-12,29-314,SFO,@,DET,W 41-33,17,25,8,68.0,314,1,0,,4.0,0.0,124.2,1,8,3.85,12.6,13.36,12.54,18.5,2-62,QB,2-62,GaroJi00
90,91,Davis Mills,312,29,2021-10-10,22-354,HOU,,NWE,L 22-25,21,29,8,72.4,312,3,0,,10.3,0.0,141.7,3,19,9.38,10.8,12.83,11.03,14.9,3-67,QB,3-67,MillDa02
91,92,Mac Jones,310,32,2021-11-28,23-084,NWE,,TEN,W 36-13,23,32,9,71.9,310,2,0,,6.3,0.0,123.2,2,21,5.88,9.7,10.94,9.68,13.5,1-15,QB,1-15,JoneMa05
92,93,Davis Mills,310,38,2021-10-31,23-010,HOU,,LAR,L 22-38,29,38,9,76.3,310,2,1,,5.3,2.6,106.2,5,31,11.63,8.2,8.03,6.37,10.7,3-67,QB,3-67,MillDa02
93,94,Matthew Stafford,309,35,2022-01-02,33-329,LAR,@,BAL,W 20-19,26,35,9,74.3,309,2,2,1.0,5.7,5.7,96.0,1,9,2.78,8.8,7.4,6.94,11.9,1-1,QB,1-1,StafMa00
94,95,Josh Allen,308,54,2021-12-12,25-205,BUF,@,TAM,L 27-33 (OT),36,54,18,66.7,308,2,1,,3.7,1.9,86.0,3,15,5.26,5.7,5.61,5.05,8.6,1-7,QB,1-7,AlleJo02
95,96,Ben Roethlisberger,308,40,2021-12-09,39-282,PIT,@,MIN,L 28-36,28,40,12,70.0,308,3,1,,7.5,2.5,107.1,5,39,11.11,7.7,8.08,6.31,11.0,1-11,QB,1-11,RoetBe00
96,97,Tom Brady,307,46,2021-11-22,44-111,TAM,,NYG,W 30-10,30,46,16,65.2,307,2,1,,4.3,2.2,89.7,0,0,0.0,6.7,6.57,6.57,10.2,6-199,QB,6-199,BradTo00
97,98,Mac Jones,307,36,2021-10-24,23-049,NWE,,NYJ,W 54-13,24,36,12,66.7,307,2,0,,5.6,0.0,111.7,1,8,2.7,8.5,9.64,9.16,12.8,1-15,QB,1-15,JoneMa05
98,99,Aaron Rodgers,307,45,2021-11-28,37-361,GNB,,LAR,W 36-28,28,45,17,62.2,307,2,0,,4.4,0.0,97.2,1,0,2.17,6.8,7.71,7.54,11.0,1-24,QB,1-24,RodgAa00
99,100,Carson Wentz,306,44,2021-11-28,28-333,IND,,TAM,L 31-38,27,44,17,61.4,306,3,2,,6.8,4.5,86.0,3,21,6.38,7.0,6.27,5.43,11.3,1-2,QB,1-2,WentCa00
100,101,Sam Darnold,305,38,2021-09-19,24-106,CAR,,NOR,W 26-7,26,38,12,68.4,305,2,1,,5.3,2.6,99.1,2,11,5.0,8.0,7.89,7.23,11.7,1-3,QB,1-3,DarnSa00
101,102,Baker Mayfield,305,32,2021-10-10,26-179,CLE,@,LAC,L 42-47,23,32,9,71.9,305,2,0,,6.3,0.0,122.5,1,4,3.03,9.5,10.78,10.33,13.3,1-1,QB,1-1,MayfBa00
102,103,Matthew Stafford,305,32,2021-10-31,33-266,LAR,@,HOU,W 38-22,21,32,11,65.6,305,3,0,,9.4,0.0,127.7,0,0,0.0,9.5,11.41,11.41,14.5,1-1,QB,1-1,StafMa00
103,104,Sam Darnold,304,34,2021-09-23,24-110,CAR,@,HOU,W 24-9,23,34,11,67.6,304,0,0,,0.0,0.0,95.7,3,14,8.11,8.9,8.94,7.84,13.2,1-3,QB,1-3,DarnSa00
104,105,Josh Johnson,304,40,2021-12-26,35-225,BAL,@,CIN,L 21-41,28,40,12,70.0,304,2,1,,5.0,2.5,98.3,1,9,2.44,7.6,7.48,7.07,10.9,5-160,QB,5-160,JohnJo05
105,106,Justin Herbert,303,44,2021-11-28,23-263,LAC,@,DEN,L 13-28,28,44,16,63.6,303,2,2,1.0,4.5,4.5,80.0,3,18,6.38,6.9,5.75,5.0,10.8,1-6,QB,1-6,HerbJu00
106,107,Dak Prescott,302,32,2021-10-10,28-073,DAL,,NYG,W 44-20,22,32,10,68.8,302,3,1,,9.4,3.1,116.9,2,10,5.88,9.4,9.91,9.03,13.7,4-135,QB,4-135,PresDa01
107,108,Matthew Stafford,302,38,2021-11-28,33-294,LAR,@,GNB,L 28-36,21,38,17,55.3,302,3,1,1.0,7.9,2.6,96.6,2,17,5.0,7.9,8.34,7.5,14.4,1-1,QB,1-1,StafMa00
108,109,Sam Darnold,301,39,2021-10-03,24-120,CAR,@,DAL,L 28-36,26,39,13,66.7,301,2,2,,5.1,5.1,85.5,5,35,11.36,7.7,6.44,4.91,11.6,1-3,QB,1-3,DarnSa00
109,110,Davis Mills,301,33,2022-01-09,23-080,HOU,,TEN,L 25-28,23,33,10,69.7,301,3,0,,9.1,0.0,128.5,2,12,5.71,9.1,10.94,9.97,13.1,3-67,QB,3-67,MillDa02
110,111,Joe Burrow,300,40,2021-12-05,24-360,CIN,,LAC,L 22-41,24,40,16,60.0,300,1,2,,2.5,5.0,70.8,6,40,13.04,7.5,5.75,4.13,12.5,1-1,QB,1-1,BurrJo01
111,112,Matt Ryan,300,46,2021-09-19,36-125,ATL,@,TAM,L 25-48,35,46,11,76.1,300,2,3,2.0,4.3,6.5,80.0,1,7,2.13,6.5,4.46,4.21,8.6,1-3,QB,1-3,RyanMa00
112,113,Jimmy Garoppolo,299,30,2021-12-05,30-033,SFO,@,SEA,L 23-30,20,30,10,66.7,299,2,2,,6.7,6.7,93.6,1,5,3.23,10.0,8.3,7.87,15.0,2-62,QB,2-62,GaroJi00
113,114,Jared Goff,299,38,2021-10-03,26-354,DET,@,CHI,L 14-24,24,38,14,63.2,299,2,0,,5.3,0.0,105.0,4,38,9.52,7.9,8.92,7.17,12.5,1-1,QB,1-1,GoffJa00
114,115,Mac Jones,299,45,2021-12-18,23-104,NWE,@,IND,L 17-27,26,45,19,57.8,299,2,2,,4.4,4.4,74.2,1,15,2.17,6.6,5.53,5.09,11.5,1-15,QB,1-15,JoneMa05
115,116,Trevor Siemian,298,34,2021-11-14,29-323,NOR,@,TEN,L 21-23,19,34,15,55.9,298,2,0,,5.9,0.0,104.8,4,22,10.53,8.8,9.94,8.32,15.7,7-250,QB,7-250,SiemTr00
116,117,Ryan Tannehill,298,49,2021-10-03,33-068,TEN,@,NYJ,L 24-27 (OT),30,49,19,61.2,298,1,0,,2.0,0.0,85.2,7,45,12.5,6.1,6.49,4.88,9.9,1-8,QB,1-8,TannRy00
117,118,Russell Wilson,298,32,2021-09-26,32-301,SEA,@,MIN,L 17-30,23,32,9,71.9,298,1,0,,3.1,0.0,111.2,2,15,5.88,9.3,9.94,8.91,13.0,3-75,QB,3-75,WilsRu00
118,119,Tom Brady,297,42,2021-10-14,44-072,TAM,@,PHI,W 28-22,34,42,8,81.0,297,2,1,,4.8,2.4,102.1,0,0,0.0,7.1,6.95,6.95,8.7,6-199,QB,6-199,BradTo00
119,120,Matt Ryan,297,41,2021-12-05,36-202,ATL,,TAM,L 17-30,30,41,11,73.2,297,0,0,,0.0,0.0,93.2,5,38,10.87,7.2,7.24,5.63,9.9,1-3,QB,1-3,RyanMa00
120,121,Zach Wilson,297,34,2021-10-03,22-061,NYJ,,TEN,W 27-24 (OT),21,34,13,61.8,297,2,1,,5.9,2.9,97.3,1,8,2.86,8.7,8.59,8.11,14.1,1-2,QB,1-2,WilsZa00
121,122,Derek Carr,296,46,2021-11-07,30-224,LVR,@,NYG,L 16-23,30,46,16,65.2,296,1,2,1.0,2.2,4.3,72.4,1,10,2.13,6.4,4.91,4.6,9.9,2-36,QB,2-36,CarrDe02
122,123,Jimmy Garoppolo,296,41,2021-12-12,30-040,SFO,@,CIN,W 26-23 (OT),27,41,14,65.9,296,2,0,,4.9,0.0,103.3,5,41,10.87,7.2,8.2,6.41,11.0,2-62,QB,2-62,GaroJi00
123,124,Jared Goff,296,41,2021-12-05,27-052,DET,,MIN,W 29-27,25,41,16,61.0,296,3,1,,7.3,2.4,97.2,3,24,6.82,7.2,7.59,6.52,11.8,1-1,QB,1-1,GoffJa00
124,125,Jalen Hurts,296,26,2021-12-21,23-136,PHI,,WAS,W 27-17,20,26,6,76.9,296,1,1,,3.8,3.8,110.4,3,15,10.34,11.4,10.42,8.83,14.8,2-53,QB,2-53,HurtJa00
125,126,Dak Prescott,296,31,2021-11-14,28-108,DAL,,ATL,W 43-3,24,31,7,77.4,296,2,0,,6.5,0.0,127.9,0,0,0.0,9.5,10.84,10.84,12.3,4-135,QB,4-135,PresDa01
126,127,Dak Prescott,295,27,2022-01-08,28-163,DAL,@,PHI,W 51-26,21,27,6,77.8,295,5,0,,18.5,0.0,151.8,1,1,3.57,10.9,14.63,14.07,14.0,4-135,QB,4-135,PresDa01
127,128,Ben Roethlisberger,295,40,2021-09-19,39-201,PIT,,LVR,L 17-26,27,40,13,67.5,295,1,1,,2.5,2.5,87.0,2,3,4.76,7.4,6.75,6.36,10.9,1-11,QB,1-11,RoetBe00
128,129,Matthew Stafford,295,38,2021-12-05,33-301,LAR,,JAX,W 37-7,26,38,12,68.4,295,3,0,,7.9,0.0,117.8,1,5,2.56,7.8,9.34,8.97,11.3,1-1,QB,1-1,StafMa00
129,130,Kirk Cousins,294,37,2021-11-14,33-087,MIN,@,LAC,W 27-20,25,37,12,67.6,294,2,0,,5.4,0.0,109.5,2,16,5.13,7.9,9.03,8.15,11.8,4-102,QB,4-102,CousKi00
130,131,Matthew Stafford,294,48,2021-11-07,33-273,LAR,,TEN,L 16-28,31,48,17,64.6,294,1,2,1.0,2.1,4.2,71.0,5,41,9.43,6.1,4.67,3.45,9.5,1-1,QB,1-1,StafMa00
131,132,Aaron Rodgers,292,37,2021-11-14,37-347,GNB,,SEA,W 17-0,23,37,14,62.2,292,0,1,,0.0,2.7,75.5,1,5,2.63,7.9,6.68,6.37,12.7,1-24,QB,1-24,RodgAa00
132,133,Justin Fields,291,29,2021-11-08,22-248,CHI,@,PIT,L 27-29,17,29,12,58.6,291,1,1,,3.4,3.4,89.9,3,13,9.38,10.0,9.17,7.91,17.1,1-11,QB,1-11,FielJu00
133,134,Joe Flacco,291,39,2021-11-21,36-309,NYJ,,MIA,L 17-24,24,39,15,61.5,291,2,0,,5.1,0.0,101.5,2,13,4.88,7.5,8.49,7.76,12.1,1-18,QB,1-18,FlacJo00
134,135,Tua Tagovailoa,291,40,2021-10-24,23-236,MIA,,ATL,L 28-30,32,40,8,80.0,291,4,2,,10.0,5.0,109.5,1,10,2.44,7.3,7.03,6.61,9.1,1-5,QB,1-5,TagoTu00
135,136,Tyrod Taylor,291,33,2021-09-12,32-040,HOU,,JAX,W 37-21,21,33,12,63.6,291,2,0,,6.1,0.0,112.1,1,2,2.94,8.8,10.03,9.68,13.9,6-180,QB,6-180,TaylTy00
136,137,Taylor Heinicke,290,33,2021-10-03,28-202,WAS,@,ATL,W 34-30,23,33,10,69.7,290,3,0,,9.1,0.0,127.1,1,0,2.94,8.8,10.61,10.29,12.6,,QB,,HeinTa00
137,138,Kyler Murray,289,32,2021-09-12,24-036,ARI,@,TEN,W 38-13,21,32,11,65.6,289,4,1,,12.5,3.1,121.0,2,9,5.88,9.0,10.13,9.26,13.8,1-1,QB,1-1,MurrKy00
138,139,Teddy Bridgewater,288,38,2021-10-10,28-334,DEN,@,PIT,L 19-27,24,38,14,63.2,288,2,1,,5.3,2.6,92.9,2,20,5.0,7.6,7.45,6.58,12.0,1-32,QB,1-32,BridTe00
139,140,Aaron Rodgers,288,38,2022-01-02,38-031,GNB,,MIN,W 37-10,29,38,9,76.3,288,2,0,,5.3,0.0,114.8,0,0,0.0,7.6,8.63,8.63,9.9,1-24,QB,1-24,RodgAa00
140,141,Lamar Jackson,287,31,2021-09-26,24-262,BAL,@,DET,W 19-17,16,31,15,51.6,287,1,1,,3.2,3.2,81.0,4,16,11.43,9.3,8.45,7.03,17.9,1-32,QB,1-32,JackLa00
141,142,Matthew Stafford,287,30,2021-12-13,33-309,LAR,@,ARI,W 30-23,23,30,7,76.7,287,3,0,,10.0,0.0,139.2,3,20,9.09,9.6,11.57,9.91,12.5,1-1,QB,1-1,StafMa00
142,143,Ryan Tannehill,287,32,2022-01-09,33-166,TEN,@,HOU,W 28-25,23,32,9,71.9,287,4,0,,12.5,0.0,138.9,1,6,3.03,9.0,11.47,10.94,12.5,1-8,QB,1-8,TannRy00
143,144,Justin Fields,285,39,2021-12-20,22-290,CHI,,MIN,L 9-17,26,39,13,66.7,285,1,0,,2.6,0.0,96.6,3,30,7.14,7.3,7.82,6.55,11.0,1-11,QB,1-11,FielJu00
144,145,Matt Ryan,283,42,2021-10-03,36-139,ATL,,WAS,L 30-34,25,42,17,59.5,283,4,0,,9.5,0.0,111.5,1,8,2.33,6.7,8.64,8.26,11.3,1-3,QB,1-3,RyanMa00
145,146,Joe Burrow,282,40,2021-11-07,24-332,CIN,,CLE,L 16-41,28,40,12,70.0,282,0,2,1.0,0.0,5.0,69.0,5,25,11.11,7.1,4.8,3.71,10.1,1-1,QB,1-1,BurrJo01
146,147,Joe Burrow,281,38,2021-10-10,24-304,CIN,,GNB,L 22-25 (OT),26,38,12,68.4,281,2,2,,5.3,5.3,85.5,3,17,7.32,7.4,6.08,5.22,10.8,1-1,QB,1-1,BurrJo01
147,148,Justin Herbert,281,38,2021-09-26,23-200,LAC,@,KAN,W 30-24,26,38,12,68.4,281,4,0,,10.5,0.0,125.0,1,6,2.56,7.4,9.5,9.1,10.8,1-6,QB,1-6,HerbJu00
148,149,Mac Jones,281,39,2021-09-12,23-007,NWE,,MIA,L 16-17,29,39,10,74.4,281,1,0,,2.6,0.0,102.6,1,13,2.5,7.2,7.72,7.2,9.7,1-15,QB,1-15,JoneMa05
149,150,Trevor Lawrence,280,39,2021-12-26,22-081,JAX,@,NYJ,L 21-26,26,39,13,66.7,280,0,0,,0.0,0.0,87.6,1,28,2.5,7.2,7.18,6.3,10.8,1-1,QB,1-1,LawrTr00
150,151,Matthew Stafford,280,41,2021-10-03,33-238,LAR,,ARI,L 20-37,26,41,15,63.4,280,2,1,,4.9,2.4,89.5,0,0,0.0,6.8,6.71,6.71,10.8,1-1,QB,1-1,StafMa00
151,152,Sam Darnold,279,35,2021-09-12,24-099,CAR,,NYJ,W 19-14,24,35,11,68.6,279,1,0,,2.9,0.0,102.0,1,9,2.78,8.0,8.54,8.06,11.6,1-3,QB,1-3,DarnSa00
152,153,Jameis Winston,279,30,2021-10-10,27-277,NOR,@,WAS,W 33-22,15,30,15,50.0,279,4,1,,13.3,3.3,108.2,2,8,6.25,9.3,10.47,9.56,18.6,1-1,QB,1-1,WinsJa00
153,154,Patrick Mahomes,278,30,2021-10-03,26-016,KAN,@,PHI,W 42-30,24,30,6,80.0,278,5,1,,16.7,3.3,131.0,1,7,3.23,9.3,11.1,10.52,11.6,1-10,QB,1-10,MahoPa00
154,155,Matthew Stafford,278,30,2021-09-19,33-224,LAR,@,IND,W 27-24,19,30,11,63.3,278,2,1,,6.7,3.3,101.8,1,8,3.23,9.3,9.1,8.55,14.6,1-1,QB,1-1,StafMa00
155,156,Tom Brady,276,36,2021-09-19,44-047,TAM,,ATL,W 48-25,24,36,12,66.7,276,5,0,,13.9,0.0,129.2,3,17,7.69,7.7,10.44,9.21,11.5,6-199,QB,6-199,BradTo00
156,157,Jacoby Brissett,275,39,2021-10-10,28-303,MIA,@,TAM,L 17-45,27,39,12,69.2,275,2,1,,5.1,2.6,95.6,3,13,7.14,7.1,6.92,6.12,10.2,3-91,QB,3-91,BrisJa00
157,158,Kirk Cousins,275,34,2021-10-10,33-052,MIN,,DET,W 19-17,25,34,9,73.5,275,1,1,,2.9,2.9,94.6,2,11,5.56,8.1,7.35,6.64,11.0,4-102,QB,4-102,CousKi00
158,159,Justin Herbert,275,31,2021-12-12,23-277,LAC,,NYG,W 37-21,23,31,8,74.2,275,3,0,,9.7,0.0,133.1,2,4,6.06,8.9,10.81,10.03,12.0,1-6,QB,1-6,HerbJu00
159,160,Mac Jones,275,40,2021-10-03,23-028,NWE,,TAM,L 17-19,31,40,9,77.5,275,2,1,,5.0,2.5,101.6,4,25,9.09,6.9,6.75,5.57,8.9,1-15,QB,1-15,JoneMa05
160,161,Patrick Mahomes,275,48,2021-11-01,26-045,KAN,,NYG,W 20-17,29,48,19,60.4,275,1,1,,2.1,2.1,74.6,2,14,4.0,5.7,5.21,4.72,9.5,1-10,QB,1-10,MahoPa00
161,162,Kyler Murray,274,33,2021-10-28,24-082,ARI,,GNB,L 21-24,22,33,11,66.7,274,0,2,,0.0,6.1,67.0,2,14,5.71,8.3,5.58,4.86,12.5,1-1,QB,1-1,MurrKy00
162,163,Aaron Rodgers,274,35,2021-10-24,37-326,GNB,,WAS,W 24-10,27,35,8,77.1,274,3,0,,8.6,0.0,127.6,3,27,7.89,7.8,9.54,8.08,10.1,1-24,QB,1-24,RodgAa00
163,164,Trevor Lawrence,273,33,2021-10-10,22-004,JAX,,TEN,L 19-37,23,33,10,69.7,273,1,1,,3.0,3.0,92.1,2,17,5.71,8.3,7.52,6.6,11.9,1-1,QB,1-1,LawrTr00
164,165,Ben Roethlisberger,273,44,2021-11-21,39-264,PIT,@,LAC,L 37-41,28,44,16,63.6,273,3,0,,6.8,0.0,103.7,3,28,6.38,6.2,7.57,6.49,9.8,1-11,QB,1-11,RoetBe00
165,166,Tua Tagovailoa,273,33,2021-11-21,23-264,MIA,@,NYJ,W 24-17,27,33,6,81.8,273,2,1,,6.1,3.0,108.7,0,0,0.0,8.3,8.12,8.12,10.1,1-5,QB,1-5,TagoTu00
166,167,Patrick Mahomes,272,54,2021-10-10,26-023,KAN,,BUF,L 20-38,33,54,21,61.1,272,2,2,1.0,3.7,3.7,70.9,2,0,3.57,5.0,4.11,3.96,8.2,1-10,QB,1-10,MahoPa00
167,168,Carson Wentz,272,30,2021-11-04,28-309,IND,,NYJ,W 45-30,22,30,8,73.3,272,3,0,,10.0,0.0,134.3,1,0,3.23,9.1,11.07,10.71,12.4,1-2,QB,1-2,WentCa00
168,169,Joe Burrow,271,29,2021-10-17,24-311,CIN,@,DET,W 34-11,19,29,10,65.5,271,3,1,,10.3,3.4,115.7,2,22,6.45,9.3,9.86,8.52,14.3,1-1,QB,1-1,BurrJo01
169,170,Josh Allen,270,51,2021-09-12,25-114,BUF,,PIT,L 16-23,30,51,21,58.8,270,1,0,,2.0,0.0,79.7,3,16,5.56,5.3,5.69,5.07,9.0,1-7,QB,1-7,AlleJo02
170,171,Taylor Heinicke,270,39,2021-10-31,28-230,WAS,@,DEN,L 10-17,24,39,15,61.5,270,1,2,,2.6,5.1,69.4,5,40,11.36,6.9,5.13,3.64,11.3,,QB,,HeinTa00
171,172,Tyler Huntley,270,38,2021-12-12,23-312,BAL,@,CLE,L 22-24,27,38,11,71.1,270,1,0,,2.6,0.0,99.7,3,16,7.32,7.1,7.63,6.68,10.0,,QB,,HuntTy01
172,173,Mac Jones,270,51,2021-09-26,23-021,NWE,,NOR,L 13-28,30,51,21,58.8,270,1,3,1.0,2.0,5.9,55.2,2,19,3.77,5.3,3.04,2.57,9.0,1-15,QB,1-15,JoneMa05
173,174,Patrick Mahomes,270,44,2022-01-08,26-113,KAN,@,DEN,W 28-24,27,44,17,61.4,270,2,0,,4.5,0.0,93.9,1,15,2.22,6.1,7.05,6.56,10.0,1-10,QB,1-10,MahoPa00
174,175,Ryan Tannehill,270,27,2021-10-24,33-089,TEN,,KAN,W 27-3,21,27,6,77.8,270,1,1,,3.7,3.7,105.2,1,9,3.57,10.0,9.07,8.43,12.9,1-8,QB,1-8,TannRy00
175,176,Tom Brady,269,43,2021-10-03,44-061,TAM,@,NWE,W 19-17,22,43,21,51.2,269,0,0,,0.0,0.0,70.8,1,8,2.27,6.3,6.26,5.93,12.2,6-199,QB,6-199,BradTo00
176,177,Jared Goff,268,36,2021-10-24,27-010,DET,@,LAR,L 19-28,22,36,14,61.1,268,1,2,,2.8,5.6,70.1,2,7,5.26,7.4,5.5,5.03,12.2,1-1,QB,1-1,GoffJa00
177,178,Taylor Heinicke,268,37,2021-10-24,28-223,WAS,@,GNB,L 10-24,25,37,12,67.6,268,1,1,,2.7,2.7,86.3,4,33,9.76,7.2,6.57,5.12,10.7,,QB,,HeinTa00
178,179,Kyler Murray,268,32,2021-10-03,24-057,ARI,@,LAR,W 37-20,24,32,8,75.0,268,2,0,,6.3,0.0,120.3,3,19,8.57,8.4,9.63,8.26,11.2,1-1,QB,1-1,MurrKy00
179,180,Aaron Rodgers,268,31,2021-12-19,38-017,GNB,@,BAL,W 31-30,23,31,8,74.2,268,3,0,,9.7,0.0,132.2,3,18,8.82,8.6,10.58,9.12,11.7,1-24,QB,1-24,RodgAa00
180,181,Daniel Jones,267,37,2021-09-12,24-108,NYG,,DEN,L 13-27,22,37,15,59.5,267,1,0,,2.7,0.0,90.7,2,13,5.13,7.2,7.76,7.03,12.1,1-6,QB,1-6,JoneDa05
181,182,Lamar Jackson,266,41,2021-11-07,24-304,BAL,,MIN,W 34-31 (OT),27,41,14,65.9,266,3,2,,7.3,4.9,88.1,3,13,6.82,6.5,5.76,5.07,9.9,1-32,QB,1-32,JackLa00
182,183,Daniel Jones,266,35,2021-09-26,24-122,NYG,,ATL,L 14-17,24,35,11,68.6,266,0,0,,0.0,0.0,90.9,2,20,5.41,7.6,7.6,6.65,11.1,1-6,QB,1-6,JoneDa05
183,184,Ben Roethlisberger,266,34,2021-10-31,39-243,PIT,@,CLE,W 15-10,22,34,12,64.7,266,1,0,,2.9,0.0,98.4,2,11,5.56,7.8,8.41,7.64,12.1,1-11,QB,1-11,RoetBe00
184,185,Ryan Tannehill,265,33,2021-10-31,33-096,TEN,@,IND,W 34-31 (OT),23,33,10,69.7,265,3,2,,9.1,6.1,98.7,3,18,8.33,8.0,7.12,6.03,11.5,1-8,QB,1-8,TannRy00
185,186,Josh Allen,264,47,2021-11-07,25-170,BUF,@,JAX,L 6-9,31,47,16,66.0,264,0,2,,0.0,4.3,62.7,4,35,7.84,5.6,3.7,2.73,8.5,1-7,QB,1-7,AlleJo02
186,187,Teddy Bridgewater,264,36,2021-09-12,28-306,DEN,@,NYG,W 27-13,28,36,8,77.8,264,2,0,,5.6,0.0,115.7,2,9,5.26,7.3,8.44,7.76,9.4,1-32,QB,1-32,BridTe00
187,188,Taysom Hill,264,41,2021-12-02,31-101,NOR,,DAL,L 17-27,19,41,22,46.3,264,2,4,1.0,4.9,9.8,44.2,2,12,4.65,6.4,3.02,2.6,13.9,,QB,,HillTa00
188,189,Jalen Hurts,264,35,2021-09-12,23-036,PHI,@,ATL,W 32-6,27,35,8,77.1,264,3,0,,8.6,0.0,126.4,1,3,2.78,7.5,9.26,8.92,9.8,2-53,QB,2-53,HurtJa00
189,190,Derek Carr,263,45,2021-12-12,30-259,LVR,@,KAN,L 9-48,33,45,12,73.3,263,1,1,,2.2,2.2,85.7,4,17,8.16,5.8,5.29,4.51,8.0,2-36,QB,2-36,CarrDe02
190,191,Kyler Murray,263,38,2022-01-02,24-148,ARI,@,DAL,W 25-22,26,38,12,68.4,263,2,0,,5.3,0.0,105.5,1,14,2.56,6.9,7.97,7.41,10.1,1-1,QB,1-1,MurrKy00
191,192,Ben Roethlisberger,263,41,2021-11-28,39-271,PIT,@,CIN,L 10-41,24,41,17,58.5,263,1,2,1.0,2.4,4.9,65.4,3,13,6.82,6.4,4.71,4.09,11.0,1-11,QB,1-11,RoetBe00
192,193,Tim Boyle,262,37,2022-01-02,27-091,DET,@,SEA,L 29-51,22,37,15,59.5,262,2,3,,5.4,8.1,65.4,0,0,0.0,7.1,4.51,4.51,11.9,,QB,,BoylTi00
193,194,Joe Burrow,261,27,2021-09-12,24-276,CIN,,MIN,W 27-24 (OT),20,27,7,74.1,261,2,0,,7.4,0.0,128.8,5,44,15.63,9.7,11.15,8.03,13.1,1-1,QB,1-1,BurrJo01
194,195,Derek Carr,261,35,2021-11-14,30-231,LVR,,KAN,L 14-41,25,35,10,71.4,261,2,1,,5.7,2.9,99.8,2,12,5.41,7.5,7.31,6.59,10.4,2-36,QB,2-36,CarrDe02
195,196,Mac Jones,261,30,2022-01-09,23-126,NWE,@,MIA,L 24-33,20,30,10,66.7,261,1,1,1.0,3.3,3.3,91.1,2,16,6.25,8.7,7.87,6.88,13.1,1-15,QB,1-15,JoneMa05
196,197,Kyler Murray,261,28,2021-10-24,24-078,ARI,,HOU,W 31-5,20,28,8,71.4,261,3,1,,10.7,3.6,121.3,4,36,12.5,9.3,9.86,7.5,13.1,1-1,QB,1-1,MurrKy00
197,198,Aaron Rodgers,261,33,2021-09-26,37-298,GNB,@,SFO,W 30-28,23,33,10,69.7,261,2,0,,6.1,0.0,113.3,1,8,2.94,7.9,9.12,8.62,11.3,1-24,QB,1-24,RodgAa00
198,199,Josh Allen,260,28,2021-11-25,25-188,BUF,@,NOR,W 31-6,23,28,5,82.1,260,4,2,,14.3,7.1,115.2,2,12,6.67,9.3,8.93,7.93,11.3,1-7,QB,1-7,AlleJo02
199,200,Patrick Mahomes,260,44,2021-09-26,26-009,KAN,,LAC,L 24-30,27,44,17,61.4,260,3,2,,6.8,4.5,81.6,2,9,4.35,5.9,5.23,4.8,9.6,1-10,QB,1-10,MahoPa00
200,201,Patrick Mahomes,260,37,2021-11-21,26-065,KAN,,DAL,W 19-9,23,37,14,62.2,260,0,1,,0.0,2.7,71.9,3,16,7.5,7.0,5.81,4.98,11.3,1-10,QB,1-10,MahoPa00
201,202,Russell Wilson,260,28,2021-12-12,33-013,SEA,@,HOU,W 33-13,17,28,11,60.7,260,2,0,,7.1,0.0,115.2,0,0,0.0,9.3,10.71,10.71,15.3,3-75,QB,3-75,WilsRu00
202,203,Joe Burrow,259,34,2021-10-31,24-325,CIN,@,NYJ,L 31-34,21,34,13,61.8,259,3,1,,8.8,2.9,102.5,3,28,8.11,7.6,8.06,6.65,12.3,1-1,QB,1-1,BurrJo01
203,204,Patrick Mahomes,259,35,2022-01-02,26-107,KAN,@,CIN,L 31-34,26,35,9,74.3,259,2,0,,5.7,0.0,113.9,0,0,0.0,7.4,8.54,8.54,10.0,1-10,QB,1-10,MahoPa00
204,205,Patrick Mahomes,258,24,2021-12-12,26-086,KAN,,LVR,W 48-9,20,24,4,83.3,258,2,0,,8.3,0.0,139.2,3,18,11.11,10.8,12.42,10.37,12.9,1-10,QB,1-10,MahoPa00
205,206,Patrick Mahomes,258,30,2021-12-26,26-100,KAN,,PIT,W 36-10,23,30,7,76.7,258,3,0,,10.0,0.0,135.1,2,4,6.25,8.6,10.6,9.81,11.2,1-10,QB,1-10,MahoPa00
206,207,Zach Wilson,258,37,2021-09-12,22-040,NYJ,@,CAR,L 14-19,20,37,17,54.1,258,2,1,,5.4,2.7,82.9,6,51,13.95,7.0,6.84,4.7,12.9,1-2,QB,1-2,WilsZa00
207,208,Teddy Bridgewater,257,40,2021-12-05,29-025,DEN,@,KAN,L 9-22,22,40,18,55.0,257,1,2,1.0,2.5,5.0,62.2,1,7,2.44,6.4,4.68,4.39,11.7,1-32,QB,1-32,BridTe00
208,209,Jimmy Garoppolo,257,40,2021-09-26,29-328,SFO,,GNB,L 28-30,25,40,15,62.5,257,2,1,,5.0,2.5,87.2,4,26,9.09,6.4,6.3,5.14,10.3,2-62,QB,2-62,GaroJi00
209,210,Lamar Jackson,257,31,2021-10-24,24-290,BAL,,CIN,L 17-41,15,31,16,48.4,257,1,0,,3.2,0.0,87.7,5,18,13.89,8.3,8.94,7.19,17.1,1-32,QB,1-32,JackLa00
210,211,Kyler Murray,257,41,2021-12-19,24-134,ARI,@,DET,L 12-30,23,41,18,56.1,257,1,1,,2.4,2.4,72.9,2,20,4.65,6.3,5.66,4.93,11.2,1-1,QB,1-1,MurrKy00
211,212,Taylor Heinicke,256,32,2021-11-14,28-244,WAS,,TAM,W 29-19,26,32,6,81.3,256,1,0,,3.1,0.0,110.4,5,30,13.51,8.0,8.63,6.65,9.8,,QB,,HeinTa00
212,213,Derek Carr,255,31,2022-01-02,30-280,LVR,@,IND,W 23-20,24,31,7,77.4,255,1,2,,3.2,6.5,84.7,2,14,6.06,8.2,5.97,5.18,10.6,2-36,QB,2-36,CarrDe02
213,214,Aaron Rodgers,255,27,2021-09-20,37-292,GNB,,DET,W 35-17,22,27,5,81.5,255,4,0,,14.8,0.0,145.6,3,28,10.0,9.4,12.41,10.23,11.6,1-24,QB,1-24,RodgAa00
214,215,Davis Mills,254,27,2021-12-26,23-066,HOU,,LAC,W 41-29,21,27,6,77.8,254,2,0,,7.4,0.0,130.6,1,6,3.57,9.4,10.89,10.29,12.1,3-67,QB,3-67,MillDa02
215,216,Russell Wilson,254,23,2021-09-12,32-287,SEA,@,IND,W 28-16,18,23,5,78.3,254,4,0,,17.4,0.0,152.3,3,13,11.54,11.0,14.52,12.35,14.1,3-75,QB,3-75,WilsRu00
216,217,Lamar Jackson,253,37,2021-12-05,24-332,BAL,@,PIT,L 19-20,23,37,14,62.2,253,1,1,,2.7,2.7,80.1,7,34,15.91,6.8,6.16,4.41,11.0,1-32,QB,1-32,JackLa00
217,218,Ben Roethlisberger,253,25,2021-10-10,39-222,PIT,,DEN,W 27-19,15,25,10,60.0,253,2,0,,8.0,0.0,120.9,1,9,3.85,10.1,11.72,10.92,16.9,1-11,QB,1-11,RoetBe00
218,219,Matthew Stafford,251,28,2021-10-17,33-252,LAR,@,NYG,W 38-11,22,28,6,78.6,251,4,1,,14.3,3.6,128.7,2,17,6.67,9.0,10.21,8.97,11.4,1-1,QB,1-1,StafMa00
219,220,Carson Wentz,251,38,2021-09-12,28-256,IND,,SEA,L 16-28,25,38,13,65.8,251,2,0,,5.3,0.0,102.0,3,28,7.32,6.6,7.66,6.41,10.0,1-2,QB,1-2,WentCa00
220,221,Mike White,251,44,2021-11-14,26-234,NYJ,,BUF,L 17-45,24,44,20,54.5,251,0,4,,0.0,9.1,33.4,1,2,2.22,5.7,1.61,1.53,10.5,5-171,QB,5-171,WhitMi01
221,222,Kirk Cousins,250,22,2022-01-09,33-143,MIN,,CHI,W 31-17,14,22,8,63.6,250,3,0,,13.6,0.0,142.0,3,23,12.0,11.4,14.09,11.48,17.9,4-102,QB,4-102,CousKi00
222,223,Nick Foles,250,35,2021-12-26,32-340,CHI,@,SEA,W 25-24,24,35,11,68.6,250,1,0,,2.9,0.0,98.5,4,21,10.26,7.1,7.71,6.38,10.4,3-88,QB,3-88,FoleNi00
223,224,Josh Allen,249,42,2021-10-31,25-163,BUF,,MIA,W 26-11,29,42,13,69.0,249,2,0,,4.8,0.0,100.2,0,0,0.0,5.9,6.88,6.88,8.6,1-7,QB,1-7,AlleJo02
224,225,Teddy Bridgewater,249,28,2021-11-07,28-362,DEN,@,DAL,W 30-16,19,28,9,67.9,249,1,0,,3.6,0.0,107.6,4,32,12.5,8.9,9.61,7.41,13.1,1-32,QB,1-32,BridTe00
225,226,Derek Carr,249,38,2021-12-05,30-252,LVR,,WAS,L 15-17,28,38,10,73.7,249,0,0,,0.0,0.0,90.8,2,15,5.0,6.6,6.55,5.85,8.9,2-36,QB,2-36,CarrDe02
226,227,Daniel Jones,249,32,2021-09-16,24-112,NYG,@,WAS,L 29-30,22,32,10,68.8,249,1,0,,3.1,0.0,102.2,4,21,11.11,7.8,8.41,6.89,11.3,1-6,QB,1-6,JoneDa05
227,228,Trey Lance,249,23,2022-01-02,21-238,SFO,,HOU,W 23-7,16,23,7,69.6,249,2,1,,8.7,4.3,116.0,1,8,4.17,10.8,10.61,9.83,15.6,1-3,QB,1-3,LancTr00
228,229,Colt McCoy,249,26,2021-11-07,35-063,ARI,@,SFO,W 31-17,22,26,4,84.6,249,1,0,,3.8,0.0,119.4,2,8,7.14,9.6,10.35,9.32,11.3,3-85,QB,3-85,McCoCo00
229,230,Trevor Siemian,249,41,2021-11-07,29-316,NOR,,ATL,L 25-27,25,41,16,61.0,249,2,0,,4.9,0.0,94.5,1,15,2.38,6.1,7.05,6.52,10.0,7-250,QB,7-250,SiemTr00
230,231,Josh Allen,248,30,2021-10-03,25-135,BUF,,HOU,W 40-0,20,30,10,66.7,248,2,1,,6.7,3.3,100.4,1,5,3.23,8.3,8.1,7.68,12.4,1-7,QB,1-7,AlleJo02
231,232,Taylor Heinicke,248,41,2021-10-10,28-209,WAS,,NOR,L 22-33,20,41,21,48.8,248,0,2,,0.0,4.9,47.6,2,6,4.65,6.0,3.85,3.53,12.4,,QB,,HeinTa00
232,233,Aaron Rodgers,248,36,2021-10-03,37-305,GNB,,PIT,W 27-17,20,36,16,55.6,248,2,0,,5.6,0.0,95.6,3,12,7.69,6.9,8.0,7.08,12.4,1-24,QB,1-24,RodgAa00
233,234,Taylor Heinicke,247,36,2022-01-02,28-293,WAS,,PHI,L 16-20,27,36,9,75.0,247,0,1,,0.0,2.8,81.6,3,29,7.69,6.9,5.61,4.44,9.1,,QB,,HeinTa00
234,235,Baker Mayfield,247,37,2021-11-28,26-228,CLE,@,BAL,L 10-16,18,37,19,48.6,247,1,0,,2.7,0.0,79.4,2,24,5.13,6.7,7.22,6.23,13.7,1-1,QB,1-1,MayfBa00
235,236,Carson Wentz,247,31,2021-09-19,28-263,IND,,LAR,L 24-27,20,31,11,64.5,247,1,1,,3.2,3.2,86.4,3,27,8.82,8.0,7.16,5.74,12.4,1-2,QB,1-2,WentCa00
236,237,Russell Wilson,247,31,2021-11-29,33-000,SEA,@,WAS,L 15-17,20,31,11,64.5,247,2,0,,6.5,0.0,110.6,2,14,6.06,8.0,9.26,8.27,12.4,3-75,QB,3-75,WilsRu00
237,238,Jared Goff,246,36,2021-09-20,26-341,DET,@,GNB,L 17-35,26,36,10,72.2,246,2,1,,5.6,2.8,97.7,1,10,2.7,6.8,6.69,6.24,9.5,1-1,QB,1-1,GoffJa00
238,239,Baker Mayfield,246,31,2021-09-26,26-165,CLE,,CHI,W 26-6,19,31,12,61.3,246,1,0,,3.2,0.0,97.0,5,43,13.89,7.9,8.58,6.19,12.9,1-1,QB,1-1,MayfBa00
239,240,Drew Lock,245,25,2022-01-02,25-053,DEN,@,LAC,L 13-34,18,25,7,72.0,245,1,0,,4.0,0.0,116.2,1,10,3.85,9.8,10.6,9.81,13.6,2-42,QB,2-42,LockDr00
240,241,Kyler Murray,245,43,2021-12-25,24-140,ARI,,IND,L 16-22,27,43,16,62.8,245,1,0,,2.3,0.0,85.9,0,0,0.0,5.7,6.16,6.16,9.1,1-1,QB,1-1,MurrKy00
241,242,Jacoby Brissett,244,43,2021-11-07,28-331,MIA,,HOU,W 17-9,26,43,17,60.5,244,1,2,,2.3,4.7,64.5,4,29,8.51,5.7,4.05,3.09,9.4,3-91,QB,3-91,BrisJa00
242,243,Kirk Cousins,244,32,2021-09-19,33-031,MIN,@,ARI,L 33-34,22,32,10,68.8,244,3,0,,9.4,0.0,122.4,1,2,3.03,7.6,9.5,9.15,11.1,4-102,QB,4-102,CousKi00
243,244,Ben Roethlisberger,244,44,2022-01-09,39-313,PIT,@,BAL,W 16-13 (OT),30,44,14,68.2,244,1,1,,2.3,2.3,80.1,1,9,2.22,5.5,4.98,4.67,8.1,1-11,QB,1-11,RoetBe00
244,245,Matthew Stafford,244,29,2021-12-21,33-317,LAR,,SEA,W 20-10,21,29,8,72.4,244,2,1,,6.9,3.4,106.1,4,35,12.12,8.4,8.24,6.18,11.6,1-1,QB,1-1,StafMa00
245,246,Tua Tagovailoa,244,41,2021-12-05,23-278,MIA,,NYG,W 20-9,30,41,11,73.2,244,2,0,,4.9,0.0,104.1,2,15,4.65,6.0,6.93,6.26,8.1,1-5,QB,1-5,TagoTu00
246,247,Davis Mills,243,43,2021-10-17,22-361,HOU,@,IND,L 3-31,29,43,14,67.4,243,0,2,,0.0,4.7,62.5,2,14,4.44,5.7,3.56,3.09,8.4,3-67,QB,3-67,MillDa02
247,248,Matt Ryan,243,36,2021-09-26,36-132,ATL,@,NYG,W 17-14,27,36,9,75.0,243,2,0,,5.6,0.0,111.2,3,16,7.69,6.8,7.86,6.85,9.0,1-3,QB,1-3,RyanMa00
248,249,Matthew Stafford,243,41,2021-11-15,33-281,LAR,@,SFO,L 10-31,26,41,15,63.4,243,1,2,1.0,2.4,4.9,67.4,2,19,4.65,5.9,4.22,3.58,9.3,1-1,QB,1-1,StafMa00
249,250,Daniel Jones,242,51,2021-10-17,24-143,NYG,,LAR,L 11-38,29,51,22,56.9,242,0,3,,0.0,5.9,44.7,4,41,7.27,4.7,2.1,1.2,8.3,1-6,QB,1-6,JoneDa05
250,251,Gardner Minshew II,242,25,2021-12-05,25-203,PHI,@,NYJ,W 33-18,20,25,5,80.0,242,2,0,,8.0,0.0,133.7,2,9,7.41,9.7,11.28,10.11,12.1,6-178,QB,6-178,MinsGa00
251,252,Mason Rudolph,242,50,2021-11-14,26-120,PIT,,DET,T 16-16 (OT),30,50,20,60.0,242,1,1,,2.0,2.0,70.6,0,0,0.0,4.8,4.34,4.34,8.1,3-76,QB,3-76,RudoMa00
252,253,Kyler Murray,240,39,2022-01-09,24-155,ARI,,SEA,L 30-38,28,39,11,71.8,240,1,0,,2.6,0.0,96.1,5,53,11.36,6.2,6.67,4.7,8.6,1-1,QB,1-1,MurrKy00
253,254,Tyrod Taylor,240,43,2021-11-07,32-096,HOU,@,MIA,L 9-17,24,43,19,55.8,240,0,3,,0.0,7.0,42.8,5,41,10.42,5.6,2.44,1.33,10.0,6-180,QB,6-180,TaylTy00
254,255,Josh Allen,239,45,2022-01-09,25-233,BUF,,NYJ,W 27-10,24,45,21,53.3,239,2,0,,4.4,0.0,83.5,0,0,0.0,5.3,6.2,6.2,10.0,1-7,QB,1-7,AlleJo02
255,256,Lamar Jackson,239,26,2021-09-19,24-255,BAL,,KAN,W 36-35,18,26,8,69.2,239,1,2,1.0,3.8,7.7,78.8,1,9,3.7,9.2,6.5,5.93,13.3,1-32,QB,1-32,JackLa00
256,257,Kyler Murray,239,31,2021-10-10,24-064,ARI,,SFO,W 17-10,22,31,9,71.0,239,1,0,,3.2,0.0,104.1,2,29,6.06,7.7,8.35,6.97,10.9,1-1,QB,1-1,MurrKy00
257,258,Kirk Cousins,238,32,2021-11-28,33-101,MIN,@,SFO,L 26-34,20,32,12,62.5,238,2,1,,6.3,3.1,93.0,1,6,3.03,7.4,7.28,6.88,11.9,4-102,QB,4-102,CousKi00
258,259,Jared Goff,238,30,2022-01-09,27-087,DET,,GNB,W 37-30,21,30,9,70.0,238,2,0,,6.7,0.0,115.7,1,8,3.23,7.9,9.27,8.71,11.3,1-1,QB,1-1,GoffJa00
259,260,Lamar Jackson,238,43,2021-11-11,24-308,BAL,@,MIA,L 10-22,26,43,17,60.5,238,1,1,,2.3,2.3,73.6,4,28,8.51,5.5,4.95,3.94,9.2,1-32,QB,1-32,JackLa00
260,261,Trevor Lawrence,238,54,2021-10-31,22-025,JAX,@,SEA,L 7-31,32,54,22,59.3,238,1,1,,1.9,1.9,68.3,1,11,1.82,4.4,3.94,3.67,7.4,1-1,QB,1-1,LawrTr00
261,262,Dak Prescott,238,26,2021-09-27,28-060,DAL,,PHI,W 41-21,21,26,5,80.8,238,3,0,,11.5,0.0,143.3,4,18,13.33,9.2,11.46,9.33,11.3,4-135,QB,4-135,PresDa01
262,263,Dak Prescott,238,40,2021-12-02,28-126,DAL,@,NOR,W 27-17,26,40,14,65.0,238,1,1,,2.5,2.5,79.0,1,7,2.44,6.0,5.33,5.02,9.2,4-135,QB,4-135,PresDa01
263,264,Matthew Stafford,238,32,2022-01-09,33-336,LAR,,SFO,L 24-27 (OT),21,32,11,65.6,238,3,2,,9.4,6.3,93.0,5,37,13.51,7.4,6.5,4.62,11.3,1-1,QB,1-1,StafMa00
264,265,Russell Wilson,238,26,2022-01-09,33-041,SEA,@,ARI,W 38-30,15,26,11,57.7,238,3,1,,11.5,3.8,110.7,1,9,3.7,9.2,9.73,9.04,15.9,3-75,QB,3-75,WilsRu00
265,266,Justin Herbert,237,31,2022-01-02,23-298,LAC,,DEN,W 34-13,22,31,9,71.0,237,2,0,,6.5,0.0,114.6,0,0,0.0,7.6,8.94,8.94,10.8,1-6,QB,1-6,HerbJu00
266,267,Dak Prescott,237,27,2021-09-19,28-052,DAL,@,LAC,W 20-17,23,27,4,85.2,237,0,1,,0.0,3.7,87.8,2,16,6.9,8.8,7.11,6.07,10.3,4-135,QB,4-135,PresDa01
267,268,Derek Carr,236,38,2021-12-20,30-267,LVR,@,CLE,W 16-14,25,38,13,65.8,236,1,1,,2.6,2.6,80.6,2,6,5.0,6.2,5.55,5.13,9.4,2-36,QB,2-36,CarrDe02
268,269,Justin Herbert,236,38,2021-12-16,23-281,LAC,,KAN,L 28-34 (OT),22,38,16,57.9,236,2,1,,5.3,2.6,82.8,0,0,0.0,6.2,6.08,6.08,10.7,1-6,QB,1-6,HerbJu00
269,270,Jalen Hurts,236,34,2021-10-24,23-078,PHI,@,LVR,L 22-33,18,34,16,52.9,236,2,0,,5.9,0.0,94.7,2,13,5.56,6.9,8.12,7.31,13.1,2-53,QB,2-53,HurtJa00
270,271,Ben Roethlisberger,236,31,2021-12-05,39-278,PIT,,BAL,W 20-19,21,31,10,67.7,236,2,0,,6.5,0.0,111.8,1,0,3.13,7.6,8.9,8.63,11.2,1-11,QB,1-11,RoetBe00
271,272,Matt Ryan,236,32,2021-12-19,36-216,ATL,@,SFO,L 13-31,19,32,13,59.4,236,1,0,,3.1,0.0,92.7,3,23,8.57,7.4,8.0,6.66,12.4,1-3,QB,1-3,RyanMa00
272,273,Russell Wilson,236,29,2022-01-02,33-034,SEA,,DET,W 51-29,20,29,9,69.0,236,4,0,,13.8,0.0,133.0,1,4,3.33,8.1,10.9,10.4,11.8,3-75,QB,3-75,WilsRu00
273,274,Teddy Bridgewater,235,25,2021-09-26,28-320,DEN,,NYJ,W 26-0,19,25,6,76.0,235,0,0,,0.0,0.0,104.6,2,12,7.41,9.4,9.4,8.26,12.4,1-32,QB,1-32,BridTe00
274,275,Jimmy Garoppolo,235,23,2021-12-19,30-047,SFO,,ATL,W 31-13,18,23,5,78.3,235,1,0,,4.3,0.0,123.7,0,0,0.0,10.2,11.09,11.09,13.1,2-62,QB,2-62,GaroJi00
275,276,Lamar Jackson,235,30,2021-09-13,24-249,BAL,@,LVR,L 27-33 (OT),19,30,11,63.3,235,1,0,,3.3,0.0,98.6,3,18,9.09,7.8,8.5,7.18,12.4,1-32,QB,1-32,JackLa00
276,277,Baker Mayfield,234,28,2021-10-17,26-186,CLE,,ARI,L 14-37,19,28,9,67.9,234,2,1,,7.1,3.6,102.4,5,23,15.15,8.4,8.18,6.24,12.3,1-1,QB,1-1,MayfBa00
277,278,Zach Wilson,234,33,2022-01-02,22-152,NYJ,,TAM,L 24-28,19,33,14,57.6,234,1,0,,3.0,0.0,89.7,1,10,2.94,7.1,7.7,7.18,12.3,1-2,QB,1-2,WilsZa00
278,279,Tom Brady,232,30,2021-12-26,44-145,TAM,@,CAR,W 32-6,18,30,12,60.0,232,1,0,,3.3,0.0,95.4,0,0,0.0,7.7,8.4,8.4,12.9,6-199,QB,6-199,BradTo00
279,280,Dak Prescott,232,39,2021-11-07,28-101,DAL,,DEN,L 16-30,19,39,20,48.7,232,2,1,,5.1,2.6,73.9,2,20,4.88,5.9,5.82,5.05,12.2,4-135,QB,4-135,PresDa01
280,281,Ben Roethlisberger,232,40,2021-10-03,39-215,PIT,@,GNB,L 17-27,26,40,14,65.0,232,1,1,,2.5,2.5,78.3,2,12,4.76,5.8,5.18,4.64,8.9,1-11,QB,1-11,RoetBe00
281,282,Mac Jones,231,30,2021-10-10,23-035,NWE,@,HOU,W 25-22,23,30,7,76.7,231,1,1,,3.3,3.3,95.3,1,5,3.23,7.7,6.87,6.48,10.0,1-15,QB,1-15,JoneMa05
282,283,Carson Wentz,231,51,2021-10-31,28-305,IND,,TEN,L 31-34 (OT),27,51,24,52.9,231,3,2,1.0,5.9,3.9,68.3,1,7,1.92,4.5,3.94,3.73,8.6,1-2,QB,1-2,WentCa00
283,284,Russell Wilson,231,37,2021-12-05,33-006,SEA,,SFO,W 30-23,30,37,7,81.1,231,2,1,,5.4,2.7,99.4,4,50,9.76,6.2,6.11,4.29,7.7,3-75,QB,3-75,WilsRu00
284,285,Jimmy Garoppolo,230,26,2021-11-28,30-026,SFO,,MIN,W 34-26,17,26,9,65.4,230,1,1,,3.8,3.8,90.2,2,15,7.14,8.8,7.88,6.79,13.5,2-62,QB,2-62,GaroJi00
285,286,Tua Tagovailoa,230,31,2021-11-28,23-271,MIA,,CAR,W 33-10,27,31,4,87.1,230,1,0,,3.2,0.0,108.3,2,26,6.06,7.4,8.06,6.79,8.5,1-5,QB,1-5,TagoTu00
286,287,Andy Dalton,229,41,2021-12-05,34-037,CHI,,ARI,L 22-33,26,41,15,63.4,229,2,4,,4.9,9.8,54.9,3,12,6.82,5.6,2.17,1.75,8.8,2-35,QB,2-35,DaltAn00
287,288,Mac Jones,229,21,2021-10-17,23-042,NWE,,DAL,L 29-35 (OT),15,21,6,71.4,229,2,1,1.0,9.5,4.8,118.9,2,14,8.7,10.9,10.67,9.13,15.3,1-15,QB,1-15,JoneMa05
288,289,Kyler Murray,229,30,2021-10-17,24-071,ARI,@,CLE,W 37-14,20,30,10,66.7,229,4,0,,13.3,0.0,129.0,2,21,6.25,7.6,10.3,9.0,11.5,1-1,QB,1-1,MurrKy00
289,290,Ben Roethlisberger,229,40,2021-10-17,39-229,PIT,,SEA,W 23-20 (OT),29,40,11,72.5,229,1,0,,2.5,0.0,94.7,1,3,2.44,5.7,6.23,6.0,7.9,1-11,QB,1-11,RoetBe00
290,291,Trevor Lawrence,228,42,2021-11-28,22-053,JAX,,ATL,L 14-21,23,42,19,54.8,228,1,1,,2.4,2.4,68.4,1,12,2.33,5.4,4.83,4.44,9.9,1-1,QB,1-1,LawrTr00
291,292,Carson Wentz,228,32,2021-10-03,28-277,IND,@,MIA,W 27-17,24,32,8,75.0,228,2,0,,6.3,0.0,115.1,2,18,5.88,7.1,8.38,7.35,9.5,1-2,QB,1-2,WentCa00
292,293,Mac Jones,227,30,2022-01-02,23-119,NWE,,JAX,W 50-10,22,30,8,73.3,227,3,0,,10.0,0.0,128.1,0,0,0.0,7.6,9.57,9.57,10.3,1-15,QB,1-15,JoneMa05
293,294,Tom Brady,226,34,2021-11-28,44-117,TAM,@,IND,W 38-31,25,34,9,73.5,226,1,1,,2.9,2.9,88.6,2,9,5.56,6.6,5.91,5.33,9.0,6-199,QB,6-199,BradTo00
294,295,Teddy Bridgewater,226,36,2021-11-14,29-004,DEN,,PHI,L 13-30,22,36,14,61.1,226,0,0,,0.0,0.0,79.2,1,14,2.7,6.3,6.28,5.73,10.3,1-32,QB,1-32,BridTe00
295,296,Dak Prescott,226,38,2022-01-02,28-157,DAL,,ARI,L 22-25,24,38,14,63.2,226,3,0,,7.9,0.0,105.8,1,1,2.56,5.9,7.53,7.31,9.4,4-135,QB,4-135,PresDa01
296,297,Zach Wilson,226,38,2021-12-05,22-124,NYJ,,PHI,L 18-33,23,38,15,60.5,226,2,1,,5.3,2.6,83.9,2,15,5.0,5.9,5.82,5.15,9.8,1-2,QB,1-2,WilsZa00
297,298,Jameis Winston,226,23,2021-10-03,27-270,NOR,,NYG,L 21-27 (OT),17,23,6,73.9,226,1,0,,4.3,0.0,119.1,0,0,0.0,9.8,10.7,10.7,13.3,1-1,QB,1-1,WinsJa00
298,299,Baker Mayfield,225,31,2021-10-31,26-200,CLE,,PIT,L 10-15,20,31,11,64.5,225,0,0,,0.0,0.0,86.1,4,15,11.43,7.3,7.26,6.0,11.3,1-1,QB,1-1,MayfBa00
299,300,Carson Wentz,225,28,2021-12-25,28-360,IND,@,ARI,W 22-16,18,28,10,64.3,225,2,0,,7.1,0.0,112.9,2,5,6.67,8.0,9.46,8.67,12.5,1-2,QB,1-2,WentCa00
300,301,Justin Fields,224,33,2021-12-12,22-282,CHI,@,GNB,L 30-45,18,33,15,54.5,224,2,2,1.0,6.1,6.1,70.8,2,14,5.71,6.8,5.27,4.57,12.4,1-11,QB,1-11,FielJu00
301,302,Taylor Heinicke,223,35,2021-11-29,28-259,WAS,,SEA,W 17-15,27,35,8,77.1,223,1,1,,2.9,2.9,90.5,1,4,2.78,6.4,5.66,5.39,8.3,,QB,,HeinTa00
302,303,Justin Herbert,223,35,2021-10-31,23-235,LAC,,NWE,L 24-27,18,35,17,51.4,223,2,2,1.0,5.7,5.7,66.7,3,17,7.89,6.4,4.94,4.11,12.4,1-6,QB,1-6,HerbJu00
303,304,Trevor Lawrence,223,32,2022-01-09,22-095,JAX,,IND,W 26-11,23,32,9,71.9,223,2,0,,6.3,0.0,111.8,1,6,3.03,7.0,8.22,7.79,9.7,1-1,QB,1-1,LawrTr00
304,305,Carson Wentz,223,20,2021-10-17,28-291,IND,,HOU,W 31-3,11,20,9,55.0,223,2,0,,10.0,0.0,127.7,2,9,9.09,11.2,13.15,11.55,20.3,1-2,QB,1-2,WentCa00
305,306,Jared Goff,222,34,2021-10-31,27-017,DET,,PHI,L 6-44,25,34,9,73.5,222,0,0,,0.0,0.0,90.6,5,45,12.82,6.5,6.53,4.54,8.9,1-1,QB,1-1,GoffJa00
306,307,Justin Herbert,222,38,2021-10-04,23-208,LAC,,LVR,W 28-14,25,38,13,65.8,222,3,0,,7.9,0.0,107.6,2,10,5.0,5.8,7.42,6.8,8.9,1-6,QB,1-6,HerbJu00
307,308,Taysom Hill,222,28,2022-01-02,31-132,NOR,,CAR,W 18-10,17,28,11,60.7,222,1,0,,3.6,0.0,97.6,2,15,6.67,7.9,8.64,7.57,13.1,,QB,,HillTa00
308,309,Daniel Jones,222,32,2021-11-01,24-158,NYG,@,KAN,L 17-20,22,32,10,68.8,222,2,1,,6.3,3.1,96.1,3,13,8.57,6.9,6.78,5.83,10.1,1-6,QB,1-6,JoneDa05
309,310,Baker Mayfield,222,36,2021-12-25,26-255,CLE,@,GNB,L 22-24,21,36,15,58.3,222,2,4,,5.6,11.1,55.3,5,33,12.2,6.2,2.28,1.2,10.6,1-1,QB,1-1,MayfBa00
310,311,Jameis Winston,222,35,2021-10-25,27-292,NOR,@,SEA,W 13-10,19,35,16,54.3,222,1,0,,2.9,0.0,83.3,2,12,5.41,6.3,6.91,6.22,11.7,1-1,QB,1-1,WinsJa00
311,312,Trevor Lawrence,221,40,2021-12-12,22-067,JAX,@,TEN,L 0-20,24,40,16,60.0,221,0,4,,0.0,10.0,35.5,3,37,6.98,5.5,1.03,0.09,9.2,1-1,QB,1-1,LawrTr00
312,313,Tom Brady,220,34,2021-11-14,44-103,TAM,@,WAS,L 19-29,23,34,11,67.6,220,2,2,,5.9,5.9,80.5,0,0,0.0,6.5,5.0,5.0,9.6,6-199,QB,6-199,BradTo00
313,314,Sam Darnold,219,42,2022-01-09,24-218,CAR,@,TAM,L 17-41,29,42,13,69.0,219,2,1,,4.8,2.4,87.3,2,12,4.55,5.2,5.1,4.59,7.6,1-3,QB,1-3,DarnSa00
314,315,Tyler Huntley,219,36,2021-11-21,23-291,BAL,@,CHI,W 16-13,26,36,10,72.2,219,0,1,,0.0,2.8,76.0,6,43,14.29,6.1,4.83,3.12,8.4,,QB,,HuntTy01
315,316,Trevor Lawrence,219,34,2021-09-26,21-355,JAX,,ARI,L 19-31,22,34,12,64.7,219,1,2,1.0,2.9,5.9,68.1,3,17,8.11,6.4,4.38,3.57,10.0,1-1,QB,1-1,LawrTr00
316,317,Baker Mayfield,218,21,2021-11-07,26-207,CLE,@,CIN,W 41-16,14,21,7,66.7,218,2,0,,9.5,0.0,132.6,2,10,8.7,10.4,12.29,10.78,15.6,1-1,QB,1-1,MayfBa00
317,318,Jared Goff,217,30,2021-09-26,26-347,DET,,BAL,L 17-19,22,30,8,73.3,217,0,0,,0.0,0.0,93.3,2,25,6.25,7.2,7.23,6.0,9.9,1-1,QB,1-1,GoffJa00
318,319,Mac Jones,217,35,2021-10-31,23-056,NWE,@,LAC,W 27-24,18,35,17,51.4,217,0,0,,0.0,0.0,70.8,1,7,2.78,6.2,6.2,5.83,12.1,1-15,QB,1-15,JoneMa05
319,320,Dak Prescott,217,37,2021-12-19,28-143,DAL,@,NYG,W 21-6,28,37,9,75.7,217,1,0,,2.7,0.0,98.6,3,14,7.5,5.9,6.41,5.58,7.8,4-135,QB,4-135,PresDa01
320,321,Kirk Cousins,216,31,2021-12-09,33-112,MIN,,PIT,W 36-28,14,31,17,45.2,216,2,2,,6.5,6.5,63.4,0,0,0.0,7.0,5.35,5.35,15.4,4-102,QB,4-102,CousKi00
321,322,Jared Goff,216,26,2021-12-19,27-066,DET,,ARI,W 30-12,21,26,5,80.8,216,3,0,,11.5,0.0,139.7,2,4,7.14,8.3,10.62,9.71,10.3,1-1,QB,1-1,GoffJa00
322,323,Dak Prescott,216,43,2021-11-21,28-115,DAL,@,KAN,L 9-19,28,43,15,65.1,216,0,2,,0.0,4.7,57.9,5,22,10.42,5.0,2.93,2.17,7.7,4-135,QB,4-135,PresDa01
323,324,Matt Ryan,216,33,2022-01-09,36-237,ATL,,NOR,L 20-30,20,33,13,60.6,216,1,1,,3.0,3.0,77.3,3,21,8.33,6.5,5.79,4.72,10.8,1-3,QB,1-3,RyanMa00
324,325,Ryan Tannehill,216,29,2021-10-18,33-083,TEN,,BUF,W 34-31,18,29,11,62.1,216,0,1,,0.0,3.4,70.5,0,0,0.0,7.4,5.9,5.9,12.0,1-8,QB,1-8,TannRy00
325,326,Jacoby Brissett,215,49,2021-09-26,28-289,MIA,@,LVR,L 28-31 (OT),32,49,17,65.3,215,0,0,,0.0,0.0,74.8,2,18,3.92,4.4,4.39,3.86,6.7,3-91,QB,3-91,BrisJa00
326,327,Derek Carr,215,27,2021-11-21,30-238,LVR,,CIN,L 13-32,19,27,8,70.4,215,1,1,,3.7,3.7,90.8,2,9,6.9,8.0,7.04,6.24,11.3,2-36,QB,2-36,CarrDe02
327,328,Jared Goff,215,39,2021-12-12,27-059,DET,@,DEN,L 10-38,24,39,15,61.5,215,1,1,,2.6,2.6,74.2,2,17,4.88,5.5,4.87,4.22,9.0,1-1,QB,1-1,GoffJa00
328,329,Tyler Huntley,215,40,2021-12-19,23-319,BAL,,GNB,L 30-31,28,40,12,70.0,215,2,0,,5.0,0.0,99.5,1,4,2.44,5.4,6.38,6.12,7.7,,QB,,HuntTy01
329,330,Matt Ryan,215,24,2021-12-26,36-223,ATL,,DET,W 20-16,18,24,6,75.0,215,1,0,,4.2,0.0,115.8,3,8,11.11,9.0,9.79,8.41,11.9,1-3,QB,1-3,RyanMa00
330,331,Tom Brady,214,48,2021-12-19,44-138,TAM,,NOR,L 0-9,26,48,22,54.2,214,0,1,,0.0,2.1,57.1,4,30,7.69,4.5,3.52,2.67,8.2,6-199,QB,6-199,BradTo00
331,332,Jalen Hurts,214,26,2022-01-02,23-148,PHI,@,WAS,W 20-16,17,26,9,65.4,214,0,0,,0.0,0.0,90.9,1,2,3.7,8.2,8.23,7.85,12.6,2-53,QB,2-53,HurtJa00
332,333,Trevor Siemian,214,40,2021-11-21,29-330,NOR,@,PHI,L 29-40,22,40,18,55.0,214,3,2,1.0,7.5,5.0,74.4,0,0,0.0,5.4,4.6,4.6,9.7,7-250,QB,7-250,SiemTr00
333,334,Teddy Bridgewater,213,26,2021-10-31,28-355,DEN,,WAS,W 17-10,19,26,7,73.1,213,1,0,,3.8,0.0,109.9,4,23,13.33,8.2,8.96,7.0,11.2,1-32,QB,1-32,BridTe00
334,335,Baker Mayfield,213,21,2021-09-19,26-158,CLE,,HOU,W 31-21,19,21,2,90.5,213,1,1,,4.8,4.8,105.0,2,14,8.7,10.1,8.95,7.57,11.2,1-1,QB,1-1,MayfBa00
335,336,Ryan Tannehill,213,27,2021-11-14,33-110,TEN,,NOR,W 23-21,19,27,8,70.4,213,1,0,,3.7,0.0,105.9,2,15,6.9,7.9,8.63,7.52,11.2,1-8,QB,1-8,TannRy00
336,337,Taylor Heinicke,212,24,2021-09-26,28-195,WAS,@,BUF,L 21-43,14,24,10,58.3,212,2,2,,8.3,8.3,80.6,1,0,4.0,8.8,6.75,6.48,15.1,,QB,,HeinTa00
337,338,Ryan Tannehill,212,35,2021-09-12,33-047,TEN,,ARI,L 13-38,21,35,14,60.0,212,1,1,,2.9,2.9,74.9,6,56,14.63,6.1,5.34,3.2,10.1,1-8,QB,1-8,TannRy00
338,339,Tom Brady,211,36,2021-10-24,44-082,TAM,,CHI,W 38-3,20,36,16,55.6,211,4,0,,11.1,0.0,109.8,0,0,0.0,5.9,8.08,8.08,10.6,6-199,QB,6-199,BradTo00
339,340,Dak Prescott,211,39,2021-12-12,28-136,DAL,@,WAS,W 27-20,22,39,17,56.4,211,1,2,1.0,2.6,5.1,58.8,4,10,9.3,5.4,3.62,3.05,9.6,4-135,QB,4-135,PresDa01
340,341,Josh Allen,210,34,2021-12-19,25-212,BUF,,CAR,W 31-14,19,34,15,55.9,210,3,1,,8.8,2.9,91.5,4,17,10.53,6.2,6.62,5.47,11.1,1-7,QB,1-7,AlleJo02
341,342,Trevor Lawrence,210,38,2021-12-19,22-074,JAX,,HOU,L 16-30,22,38,16,57.9,210,0,0,,0.0,0.0,73.4,3,21,7.32,5.5,5.53,4.61,9.5,1-1,QB,1-1,LawrTr00
342,343,Zach Wilson,210,33,2021-09-19,22-047,NYJ,,NWE,L 6-25,19,33,14,57.6,210,0,4,,0.0,12.1,37.0,4,26,10.81,6.4,0.91,0.11,11.1,1-2,QB,1-2,WilsZa00
343,344,Josh Allen,209,35,2021-11-21,25-184,BUF,,IND,L 15-41,21,35,14,60.0,209,2,2,,5.7,5.7,72.2,1,8,2.78,6.0,4.54,4.19,10.0,1-7,QB,1-7,AlleJo02
344,345,Justin Fields,209,17,2021-10-03,22-212,CHI,,DET,W 24-14,11,17,6,64.7,209,0,1,,0.0,5.9,82.7,1,24,5.56,12.3,9.65,7.78,19.0,1-11,QB,1-11,FielJu00
345,346,Davis Mills,209,30,2021-12-19,23-059,HOU,@,JAX,W 30-16,19,30,11,63.3,209,2,1,,6.7,3.3,92.2,1,3,3.23,7.0,6.8,6.48,11.0,3-67,QB,3-67,MillDa02
346,347,Geno Smith,209,32,2021-10-17,31-007,SEA,@,PIT,L 20-23 (OT),23,32,9,71.9,209,1,0,,3.1,0.0,99.6,5,44,13.51,6.5,7.16,5.0,9.1,2-39,QB,2-39,SmitGe00
347,348,Ryan Tannehill,209,29,2021-12-23,33-149,TEN,,SFO,W 20-17,22,29,7,75.9,209,1,0,,3.4,0.0,106.8,4,21,12.12,7.2,7.9,6.3,9.5,1-8,QB,1-8,TannRy00
348,349,Joe Burrow,207,30,2021-09-19,24-283,CIN,@,CHI,L 17-20,19,30,11,63.3,207,2,3,1.0,6.7,10.0,66.2,5,28,14.29,6.9,3.73,2.4,10.9,1-1,QB,1-1,BurrJo01
349,350,Sam Darnold,207,41,2021-10-17,24-134,CAR,,MIN,L 28-34 (OT),17,41,24,41.5,207,1,1,,2.4,2.4,55.6,4,19,8.89,5.0,4.44,3.62,12.2,1-3,QB,1-3,DarnSa00
350,351,Mac Jones,207,26,2021-11-18,23-074,NWE,@,ATL,W 25-0,22,26,4,84.6,207,1,1,,3.8,3.8,96.6,3,33,10.34,8.0,7.0,5.14,9.4,1-15,QB,1-15,JoneMa05
351,352,Russell Wilson,207,26,2021-11-21,32-357,SEA,,ARI,L 13-23,14,26,12,53.8,207,0,0,,0.0,0.0,80.1,4,27,13.33,8.0,7.96,6.0,14.8,3-75,QB,3-75,WilsRu00
352,353,Derek Carr,206,35,2021-10-10,30-196,LVR,,CHI,L 9-20,22,35,13,62.9,206,0,1,,0.0,2.9,67.1,3,18,7.89,5.9,4.6,3.76,9.4,2-36,QB,2-36,CarrDe02
353,354,Andy Dalton,206,38,2021-09-12,33-318,CHI,@,LAR,L 14-34,27,38,11,71.1,206,0,1,,0.0,2.6,72.9,3,28,7.32,5.4,4.24,3.24,7.6,2-35,QB,2-35,DaltAn00
354,355,Taylor Heinicke,206,22,2021-11-21,28-251,WAS,@,CAR,W 27-21,16,22,6,72.7,206,3,0,,13.6,0.0,141.3,3,27,12.0,9.4,12.09,9.56,12.9,,QB,,HeinTa00
355,356,Patrick Mahomes,206,35,2021-10-24,26-037,KAN,@,TEN,L 3-27,20,35,15,57.1,206,0,1,,0.0,2.9,62.3,4,31,10.26,5.9,4.6,3.33,10.3,1-10,QB,1-10,MahoPa00
356,357,Ben Roethlisberger,205,30,2021-11-08,39-251,PIT,,CHI,W 29-27,21,30,9,70.0,205,2,0,,6.7,0.0,111.1,4,30,11.76,6.8,8.17,6.32,9.8,1-11,QB,1-11,RoetBe00
357,358,Tua Tagovailoa,205,39,2021-10-31,23-243,MIA,@,BUF,L 11-26,21,39,18,53.8,205,0,1,,0.0,2.6,58.2,2,11,4.88,5.3,4.1,3.63,9.8,1-5,QB,1-5,TagoTu00
358,359,Tua Tagovailoa,205,38,2022-01-02,23-306,MIA,@,TEN,L 3-34,18,38,20,47.4,205,0,1,,0.0,2.6,53.1,4,23,9.52,5.4,4.21,3.26,11.4,1-5,QB,1-5,TagoTu00
359,360,Trevor Lawrence,204,24,2021-09-30,21-359,JAX,@,CIN,L 21-24,17,24,7,70.8,204,0,0,,0.0,0.0,96.5,1,2,4.0,8.5,8.5,8.08,12.0,1-1,QB,1-1,LawrTr00
360,361,Kirk Cousins,203,38,2021-10-03,33-045,MIN,,CLE,L 7-14,20,38,18,52.6,203,1,1,,2.6,2.6,66.0,2,13,5.0,5.3,4.68,4.13,10.2,4-102,QB,4-102,CousKi00
361,362,Jared Goff,203,35,2021-10-10,26-361,DET,@,MIN,L 17-19,21,35,14,60.0,203,0,1,,0.0,2.9,64.3,4,23,10.26,5.8,4.51,3.46,9.7,1-1,QB,1-1,GoffJa00
362,363,Daniel Jones,203,33,2021-10-24,24-150,NYG,,CAR,W 25-3,23,33,10,69.7,203,1,0,,3.0,0.0,95.9,2,20,5.71,6.2,6.76,5.8,8.8,1-6,QB,1-6,JoneDa05
363,364,Jared Goff,202,42,2021-10-17,27-003,DET,,CIN,L 11-34,28,42,14,66.7,202,0,1,,0.0,2.4,67.8,1,10,2.33,4.8,3.74,3.42,7.2,1-1,QB,1-1,GoffJa00
364,365,Daniel Jones,202,30,2021-11-28,24-185,NYG,,PHI,W 13-7,19,30,11,63.3,202,1,0,,3.3,0.0,94.0,1,8,3.23,6.7,7.4,6.9,10.6,1-6,QB,1-6,JoneDa05
365,366,Aaron Rodgers,202,34,2021-12-25,38-023,GNB,,CLE,W 24-22,24,34,10,70.6,202,3,0,,8.8,0.0,115.1,0,0,0.0,5.9,7.71,7.71,8.4,1-24,QB,1-24,RodgAa00
366,367,Tua Tagovailoa,202,27,2021-09-12,23-194,MIA,@,NWE,W 17-16,16,27,11,59.3,202,1,1,,3.7,3.7,79.6,2,17,6.9,7.5,6.56,5.52,12.6,1-5,QB,1-5,TagoTu00
367,368,Mike White,202,32,2021-10-24,26-213,NYJ,@,NWE,L 13-54,20,32,12,62.5,202,1,2,,3.1,6.3,64.8,1,8,3.03,6.3,4.13,3.76,10.1,5-171,QB,5-171,WhitMi01
368,369,Zach Wilson,202,42,2021-12-12,22-131,NYJ,,NOR,L 9-30,19,42,23,45.2,202,0,0,,0.0,0.0,59.8,3,24,6.67,4.8,4.81,3.96,10.6,1-2,QB,1-2,WilsZa00
369,370,Derek Carr,201,25,2021-12-26,30-273,LVR,,DEN,W 17-13,20,25,5,80.0,201,1,1,,4.0,4.0,96.8,2,19,7.41,8.0,7.04,5.81,10.1,2-36,QB,2-36,CarrDe02
370,371,Andy Dalton,201,23,2021-11-21,34-023,CHI,,BAL,L 13-16,11,23,12,47.8,201,2,0,,8.7,0.0,107.3,1,18,4.17,8.7,10.48,9.29,18.3,2-35,QB,2-35,DaltAn00
371,372,Jacoby Brissett,199,30,2021-10-03,28-296,MIA,,IND,L 17-27,20,30,10,66.7,199,2,0,,6.7,0.0,107.5,3,31,9.09,6.6,7.97,6.3,10.0,3-91,QB,3-91,BrisJa00
372,373,Jalen Hurts,199,29,2021-12-26,23-141,PHI,,NYG,W 34-10,17,29,12,58.6,199,2,0,,6.9,0.0,102.5,1,5,3.33,6.9,8.24,7.8,11.7,2-53,QB,2-53,HurtJa00
373,374,Case Keenum,199,33,2021-10-21,33-246,CLE,,DEN,W 17-14,21,33,12,63.6,199,1,0,,3.0,0.0,90.3,1,5,2.94,6.0,6.64,6.29,9.5,,QB,,KeenCa00
374,375,Jalen Hurts,198,37,2021-10-10,23-064,PHI,@,CAR,W 21-18,22,37,15,59.5,198,0,1,,0.0,2.7,62.7,2,16,5.13,5.4,4.14,3.51,9.0,2-53,QB,2-53,HurtJa00
375,376,Mac Jones,198,23,2021-11-14,23-070,NWE,,CLE,W 45-7,19,23,4,82.6,198,3,0,,13.0,0.0,142.1,2,15,8.0,8.6,11.22,9.72,10.4,1-15,QB,1-15,JoneMa05
376,377,Tua Tagovailoa,198,26,2021-12-27,23-300,MIA,@,NOR,W 20-3,19,26,7,73.1,198,1,1,,3.8,3.8,91.5,2,25,7.14,7.6,6.65,5.29,10.4,1-5,QB,1-5,TagoTu00
377,378,Tyler Huntley,197,32,2022-01-02,23-333,BAL,,LAR,L 19-20,20,32,12,62.5,197,0,1,,0.0,3.1,66.8,5,35,13.51,6.2,4.75,3.16,9.9,,QB,,HuntTy01
378,379,Matt Ryan,197,23,2022-01-02,36-230,ATL,@,BUF,L 15-29,13,23,10,56.5,197,0,0,,0.0,0.0,84.9,5,28,17.86,8.6,8.57,6.04,15.2,1-3,QB,1-3,RyanMa00
379,380,Matthew Stafford,197,37,2021-12-26,33-322,LAR,@,MIN,W 30-23,21,37,16,56.8,197,1,3,,2.7,8.1,46.8,0,0,0.0,5.3,2.22,2.22,9.4,1-1,QB,1-1,StafMa00
380,381,Ryan Tannehill,197,27,2021-09-26,33-061,TEN,,IND,W 25-16,18,27,9,66.7,197,3,2,,11.1,7.4,94.2,1,9,3.57,7.3,6.19,5.64,10.9,1-8,QB,1-8,TannRy00
381,382,Ryan Tannehill,197,22,2021-10-10,33-075,TEN,@,JAX,W 37-19,14,22,8,63.6,197,1,0,,4.5,0.0,107.6,3,13,12.0,9.0,9.86,8.16,14.1,1-8,QB,1-8,TannRy00
382,383,Derek Carr,196,34,2021-10-04,30-190,LVR,@,LAC,L 14-28,21,34,13,61.8,196,2,1,,5.9,2.9,84.9,4,31,10.53,5.8,5.62,4.21,9.3,2-36,QB,2-36,CarrDe02
383,384,Mike Glennon,196,25,2021-10-10,31-302,NYG,@,DAL,L 20-44,16,25,9,64.0,196,1,2,1.0,4.0,8.0,68.1,0,0,0.0,7.8,5.04,5.04,12.3,3-73,QB,3-73,GlenMi00
384,385,Taylor Heinicke,196,30,2021-12-05,28-265,WAS,@,LVR,W 17-15,23,30,7,76.7,196,2,1,,6.7,3.3,101.5,1,10,3.23,6.5,6.37,5.84,8.5,,QB,,HeinTa00
385,386,Tua Tagovailoa,196,27,2021-12-19,23-292,MIA,,NYJ,W 31-24,16,27,11,59.3,196,2,2,1.0,7.4,7.4,75.5,1,0,3.57,7.3,5.41,5.21,12.3,1-5,QB,1-5,TagoTu00
386,387,Justin Herbert,195,39,2021-10-17,23-221,LAC,@,BAL,L 6-34,22,39,17,56.4,195,1,1,,2.6,2.6,67.8,2,13,4.88,5.0,4.36,3.83,8.9,1-6,QB,1-6,HerbJu00
387,388,Justin Herbert,195,34,2021-11-14,23-249,LAC,,MIN,L 20-27,20,34,14,58.8,195,1,1,,2.9,2.9,72.5,2,24,5.56,5.7,5.0,4.06,9.8,1-6,QB,1-6,HerbJu00
388,389,Aaron Rodgers,195,23,2021-10-17,37-319,GNB,@,CHI,W 24-14,17,23,6,73.9,195,2,0,,8.7,0.0,128.0,3,26,11.54,8.5,10.22,8.04,11.5,1-24,QB,1-24,RodgAa00
389,390,Geno Smith,195,24,2021-10-31,31-021,SEA,,JAX,W 31-7,20,24,4,83.3,195,2,0,,8.3,0.0,128.3,3,35,11.11,8.1,9.79,7.41,9.8,2-39,QB,2-39,SmitGe00
390,391,Garrett Gilbert,194,31,2021-12-21,30-173,WAS,@,PHI,L 17-27,20,31,11,64.5,194,0,0,,0.0,0.0,81.9,2,20,6.06,6.3,6.26,5.27,9.7,6-214,QB,6-214,GilbGa01
391,392,Carson Wentz,194,37,2021-09-26,28-270,IND,@,TEN,L 16-25,19,37,18,51.4,194,0,0,,0.0,0.0,66.7,2,16,5.13,5.2,5.24,4.56,10.2,1-2,QB,1-2,WentCa00
392,393,Trevor Lawrence,193,27,2022-01-02,22-088,JAX,@,NWE,L 10-50,17,27,10,63.0,193,1,3,,3.7,11.1,57.1,2,20,6.9,7.1,2.89,2.0,11.4,1-1,QB,1-1,LawrTr00
393,394,Trey Lance,192,29,2021-10-10,21-154,SFO,@,ARI,L 10-17,15,29,14,51.7,192,0,1,,0.0,3.4,58.4,2,6,6.45,6.6,5.07,4.55,12.8,1-3,QB,1-3,LancTr00
394,395,Zach Wilson,192,32,2021-10-10,22-068,NYJ,@,ATL,L 20-27,19,32,13,59.4,192,0,1,,0.0,3.1,63.5,2,26,5.88,6.0,4.59,3.56,10.1,1-2,QB,1-2,WilsZa00
395,396,Mike Glennon,191,36,2021-12-12,32-000,NYG,@,LAC,L 21-37,17,36,19,47.2,191,2,1,,5.6,2.8,70.5,2,10,5.26,5.3,5.17,4.63,11.2,3-73,QB,3-73,GlenMi00
396,397,Ryan Tannehill,191,31,2021-12-12,33-138,TEN,,JAX,W 20-0,20,31,11,64.5,191,0,0,,0.0,0.0,81.5,4,30,11.43,6.2,6.16,4.6,9.6,1-8,QB,1-8,TannRy00
397,398,Joe Burrow,190,24,2021-11-28,24-353,CIN,,PIT,W 41-10,20,24,4,83.3,190,1,1,,4.2,4.2,96.2,2,18,7.69,7.9,6.88,5.65,9.5,1-1,QB,1-1,BurrJo01
398,399,Sam Darnold,190,32,2021-12-26,24-204,CAR,,TAM,L 6-32,15,32,17,46.9,190,0,0,,0.0,0.0,65.9,4,21,11.11,5.9,5.94,4.69,12.7,1-3,QB,1-3,DarnSa00
399,400,Jalen Hurts,190,23,2021-09-19,23-043,PHI,,SFO,L 11-17,12,23,11,52.2,190,0,0,,0.0,0.0,80.0,2,13,8.0,8.3,8.26,7.08,15.8,2-53,QB,2-53,HurtJa00
400,401,Jordan Love,190,34,2021-11-07,23-005,GNB,@,KAN,L 7-13,19,34,15,55.9,190,1,1,,2.9,2.9,69.5,1,11,2.86,5.6,4.85,4.4,10.0,1-26,QB,1-26,LoveJo03
401,402,Baker Mayfield,190,32,2021-12-12,26-242,CLE,,BAL,W 24-22,22,32,10,68.8,190,2,1,,6.3,3.1,91.9,0,0,0.0,5.9,5.78,5.78,8.6,1-1,QB,1-1,MayfBa00
402,403,Matt Ryan,190,29,2021-11-28,36-195,ATL,@,JAX,W 21-14,19,29,10,65.5,190,1,1,,3.4,3.4,81.1,1,7,3.33,6.6,5.69,5.27,10.0,1-3,QB,1-3,RyanMa00
403,404,Matt Ryan,190,28,2021-12-12,36-209,ATL,@,CAR,W 29-21,19,28,9,67.9,190,1,0,,3.6,0.0,98.8,0,0,0.0,6.8,7.5,7.5,10.0,1-3,QB,1-3,RyanMa00
404,405,Jimmy Garoppolo,189,30,2021-09-19,29-321,SFO,@,PHI,W 17-11,22,30,8,73.3,189,1,0,,3.3,0.0,100.6,0,0,0.0,6.3,6.97,6.97,8.6,2-62,QB,2-62,GaroJi00
405,406,Sean Mannion,189,36,2022-01-02,29-252,MIN,@,GNB,L 10-37,22,36,14,61.1,189,1,0,,2.8,0.0,84.1,2,15,5.26,5.3,5.81,5.11,8.6,3-89,QB,3-89,MannSe00
406,407,Cam Newton,189,27,2021-11-21,32-194,CAR,,WAS,L 21-27,21,27,6,77.8,189,2,0,,7.4,0.0,120.5,1,3,3.57,7.0,8.48,8.07,9.0,1-1,QB,1-1,NewtCa00
407,408,Dak Prescott,188,22,2021-10-03,28-066,DAL,,CAR,W 36-28,14,22,8,63.6,188,4,0,,18.2,0.0,130.3,0,0,0.0,8.5,12.18,12.18,13.4,4-135,QB,4-135,PresDa01
408,409,Ben Roethlisberger,188,32,2021-09-12,39-194,PIT,@,BUF,W 23-16,18,32,14,56.3,188,1,0,,3.1,0.0,83.9,2,11,5.88,5.9,6.5,5.79,10.4,1-11,QB,1-11,RoetBe00
409,410,Tim Boyle,187,34,2021-12-26,27-084,DET,@,ATL,L 16-20,24,34,10,70.6,187,1,1,,2.9,2.9,81.4,0,0,0.0,5.5,4.76,4.76,7.8,,QB,,BoylTi00
410,411,Teddy Bridgewater,187,33,2021-10-21,28-345,DEN,@,CLE,L 14-17,23,33,10,69.7,187,2,1,,6.1,3.0,91.4,2,5,5.71,5.7,5.52,5.06,8.1,1-32,QB,1-32,BridTe00
411,412,Kirk Cousins,187,28,2021-11-07,33-080,MIN,@,BAL,L 31-34 (OT),17,28,11,60.7,187,2,0,,7.1,0.0,104.3,0,0,0.0,6.7,8.11,8.11,11.0,4-102,QB,4-102,CousKi00
412,413,Mike Glennon,187,44,2021-12-05,31-358,NYG,@,MIA,L 9-20,23,44,21,52.3,187,0,1,,0.0,2.3,53.9,3,28,6.38,4.3,3.23,2.43,8.1,3-73,QB,3-73,GlenMi00
413,414,Derek Carr,186,36,2022-01-09,30-287,LVR,,LAC,W 35-32 (OT),20,36,16,55.6,186,2,0,,5.6,0.0,88.4,3,18,7.69,5.2,6.28,5.33,9.3,2-36,QB,2-36,CarrDe02
414,415,Mac Jones,186,30,2021-09-19,23-014,NWE,@,NYJ,W 25-6,22,30,8,73.3,186,0,0,,0.0,0.0,89.0,3,27,9.09,6.2,6.2,4.82,8.5,1-15,QB,1-15,JoneMa05
415,416,Gardner Minshew II,186,33,2022-01-08,25-237,PHI,,DAL,L 26-51,19,33,14,57.6,186,2,1,,6.1,3.0,81.1,3,22,8.33,5.6,5.48,4.42,9.8,6-178,QB,6-178,MinsGa00
416,417,Baker Mayfield,185,38,2022-01-03,26-264,CLE,@,PIT,L 14-26,16,38,22,42.1,185,2,2,,5.3,5.3,53.1,9,46,19.15,4.9,3.55,1.89,11.6,1-1,QB,1-1,MayfBa00
417,418,Carson Wentz,185,29,2022-01-09,29-010,IND,@,JAX,L 11-26,17,29,12,58.6,185,1,1,,3.4,3.4,74.6,6,46,17.14,6.4,5.52,3.26,10.9,1-2,QB,1-2,WentCa00
418,419,Kirk Cousins,184,35,2021-10-31,33-073,MIN,,DAL,L 16-20,23,35,12,65.7,184,1,0,,2.9,0.0,88.3,1,7,2.78,5.3,5.83,5.47,8.0,4-102,QB,4-102,CousKi00
419,420,Justin Fields,184,32,2021-10-24,22-233,CHI,@,TAM,L 3-38,22,32,10,68.8,184,0,3,,0.0,9.4,44.3,4,16,11.11,5.8,1.53,0.92,8.4,1-11,QB,1-11,FielJu00
420,421,Patrick Mahomes,184,29,2021-12-05,26-079,KAN,,DEN,W 22-9,15,29,14,51.7,184,0,1,,0.0,3.4,57.3,1,6,3.33,6.3,4.79,4.43,12.3,1-10,QB,1-10,MahoPa00
421,422,Aaron Rodgers,184,37,2021-10-28,37-330,GNB,@,ARI,W 24-21,22,37,15,59.5,184,2,0,,5.4,0.0,90.4,1,0,2.63,5.0,6.05,5.89,8.4,1-24,QB,1-24,RodgAa00
422,423,Jimmy Garoppolo,182,19,2021-11-15,30-013,SFO,,LAR,W 31-10,15,19,4,78.9,182,2,0,,10.5,0.0,141.7,1,3,5.0,9.6,11.68,10.95,12.1,2-62,QB,2-62,GaroJi00
423,424,Taylor Heinicke,182,39,2021-10-17,28-216,WAS,,KAN,L 13-31,24,39,15,61.5,182,1,1,,2.6,2.6,70.7,0,0,0.0,4.7,4.03,4.03,7.6,,QB,,HeinTa00
424,425,Jimmy Garoppolo,181,27,2021-10-24,29-356,SFO,,IND,L 18-30,16,27,11,59.3,181,1,2,,3.7,7.4,60.9,2,12,6.9,6.7,4.11,3.41,11.3,2-62,QB,2-62,GaroJi00
425,426,Russell Wilson,181,27,2021-12-26,33-027,SEA,,CHI,L 24-25,16,27,11,59.3,181,2,0,,7.4,0.0,104.1,2,20,6.9,6.7,8.19,6.93,11.3,3-75,QB,3-75,WilsRu00
426,427,Carson Wentz,180,34,2021-11-14,28-319,IND,,JAX,W 23-17,22,34,12,64.7,180,0,0,,0.0,0.0,78.1,1,12,2.86,5.3,5.29,4.8,8.2,1-2,QB,1-2,WentCa00
427,428,Josh Allen,179,33,2021-09-19,25-121,BUF,@,MIA,W 35-0,17,33,16,51.5,179,2,1,,6.1,3.0,75.2,1,8,2.94,5.4,5.27,4.88,10.5,1-7,QB,1-7,AlleJo02
428,429,Teddy Bridgewater,179,25,2021-12-12,29-032,DEN,,DET,W 38-10,18,25,7,72.0,179,2,0,,8.0,0.0,118.6,1,5,3.85,7.2,8.76,8.23,9.9,1-32,QB,1-32,BridTe00
429,430,Jalen Hurts,178,23,2021-11-14,23-099,PHI,@,DEN,W 30-13,16,23,7,69.6,178,2,1,,8.7,4.3,103.2,2,8,8.0,7.7,7.52,6.6,11.1,2-53,QB,2-53,HurtJa00
430,431,Cam Newton,178,23,2021-12-12,32-215,CAR,,ATL,L 21-29,15,23,8,65.2,178,0,1,1.0,0.0,4.3,70.6,1,10,4.17,7.7,5.78,5.13,11.9,1-1,QB,1-1,NewtCa00
431,432,Sam Darnold,177,37,2021-10-10,24-127,CAR,,PHI,L 18-21,21,37,16,56.8,177,1,3,,2.7,8.1,44.5,3,19,7.5,4.8,1.68,1.08,8.4,1-3,QB,1-3,DarnSa00
432,433,Jimmy Garoppolo,176,22,2021-11-21,30-019,SFO,@,JAX,W 30-10,16,22,6,72.7,176,2,0,,9.1,0.0,126.3,2,14,8.33,8.0,9.82,8.42,11.0,2-62,QB,2-62,GaroJi00
433,434,Case Keenum,176,24,2022-01-09,33-326,CLE,,CIN,W 21-16,17,24,7,70.8,176,2,1,,8.3,4.2,102.1,1,5,4.0,7.3,7.13,6.64,10.4,,QB,,KeenCa00
434,435,Baker Mayfield,176,29,2021-11-21,26-221,CLE,,DET,W 13-10,15,29,14,51.7,176,1,2,,3.4,6.9,53.2,1,11,3.33,6.1,3.66,3.17,11.7,1-1,QB,1-1,MayfBa00
435,436,Justin Fields,175,27,2021-10-31,22-240,CHI,,SFO,L 22-33,19,27,8,70.4,175,1,1,,3.7,3.7,84.6,4,27,12.9,6.5,5.56,3.97,9.2,1-11,QB,1-11,FielJu00
436,437,Taysom Hill,175,21,2021-12-12,31-111,NOR,@,NYJ,W 30-9,15,21,6,71.4,175,0,0,,0.0,0.0,96.3,3,34,12.5,8.3,8.33,5.88,11.7,,QB,,HillTa00
437,438,Justin Fields,174,27,2021-10-17,22-226,CHI,,GNB,L 14-24,16,27,11,59.3,174,1,1,,3.7,3.7,75.2,4,37,12.9,6.4,5.52,3.61,10.9,1-11,QB,1-11,FielJu00
438,439,Andy Dalton,173,35,2022-01-02,34-065,CHI,,NYG,W 29-3,18,35,17,51.4,173,1,1,,2.9,2.9,63.2,2,11,5.41,4.9,4.23,3.7,9.6,2-35,QB,2-35,DaltAn00
439,440,Joe Burrow,172,18,2021-09-26,24-290,CIN,@,PIT,W 24-10,14,18,4,77.8,172,3,1,,16.7,5.6,122.9,0,0,0.0,9.6,10.39,10.39,12.3,1-1,QB,1-1,BurrJo01
440,441,Sam Darnold,172,33,2021-11-07,24-155,CAR,,NWE,L 6-24,16,33,17,48.5,172,0,3,1.0,0.0,9.1,26.3,1,10,2.94,5.2,1.12,0.79,10.8,1-3,QB,1-3,DarnSa00
441,442,Jared Goff,171,25,2021-11-25,27-042,DET,,CHI,L 14-16,21,25,4,84.0,171,2,0,,8.0,0.0,121.8,1,8,3.85,6.8,8.44,7.81,8.1,1-1,QB,1-1,GoffJa00
442,443,Zach Wilson,170,23,2021-12-19,22-138,NYJ,@,MIA,L 24-31,13,23,10,56.5,170,0,0,,0.0,0.0,80.0,6,44,20.69,7.4,7.39,4.34,13.1,1-2,QB,1-2,WilsZa00
443,444,Jacoby Brissett,169,40,2021-09-19,28-282,MIA,,BUF,L 0-35,24,40,16,60.0,169,0,1,,0.0,2.5,59.3,4,24,9.09,4.2,3.1,2.27,7.0,3-91,QB,3-91,BrisJa00
444,445,Davis Mills,168,28,2021-09-23,22-337,HOU,,CAR,L 9-24,19,28,9,67.9,168,1,0,,3.6,0.0,95.5,4,17,12.5,6.0,6.71,5.34,8.8,3-67,QB,3-67,MillDa02
445,446,Lamar Jackson,167,27,2021-10-17,24-283,BAL,,LAC,W 34-6,19,27,8,70.4,167,1,2,,3.7,7.4,68.0,3,27,10.0,6.2,3.59,2.33,8.8,1-32,QB,1-32,JackLa00
446,447,Daniel Jones,167,38,2021-11-22,24-179,NYG,@,TAM,L 10-30,23,38,15,60.5,167,1,2,,2.6,5.3,57.7,2,18,5.0,4.4,2.55,1.98,7.3,1-6,QB,1-6,JoneDa05
447,448,Geno Smith,167,22,2021-10-25,31-015,SEA,,NOR,L 10-13,12,22,10,54.5,167,1,0,,4.5,0.0,94.3,5,38,18.52,7.6,8.5,5.52,13.9,2-39,QB,2-39,SmitGe00
448,449,P.J. Walker,167,29,2021-11-14,26-261,CAR,@,ARI,W 34-10,22,29,7,75.9,167,0,1,,0.0,3.4,74.9,0,0,0.0,5.8,4.21,4.21,7.6,,QB,,WalkPh00
449,450,Patrick Mahomes,166,37,2021-11-07,26-051,KAN,,GNB,W 13-7,20,37,17,54.1,166,1,0,,2.7,0.0,74.8,1,6,2.63,4.5,5.03,4.74,8.3,1-10,QB,1-10,MahoPa00
450,451,Jimmy Garoppolo,165,23,2021-10-03,29-335,SFO,,SEA,L 21-28,14,23,9,60.9,165,1,1,,4.3,4.3,79.1,1,7,4.17,7.2,6.09,5.54,11.8,2-62,QB,2-62,GaroJi00
451,452,Lamar Jackson,165,32,2021-11-28,24-325,BAL,,CLE,W 16-10,20,32,12,62.5,165,1,4,,3.1,12.5,46.5,2,10,5.88,5.2,0.16,-0.15,8.3,1-32,QB,1-32,JackLa00
452,453,Matt Ryan,164,35,2021-09-12,36-118,ATL,,PHI,L 6-32,21,35,14,60.0,164,0,0,,0.0,0.0,71.6,3,28,7.89,4.7,4.69,3.58,7.8,1-3,QB,1-3,RyanMa00
453,454,Davis Mills,163,32,2022-01-02,23-073,HOU,@,SFO,L 7-23,21,32,11,65.6,163,1,1,,3.1,3.1,75.4,3,27,8.57,5.1,4.31,3.17,7.8,3-67,QB,3-67,MillDa02
454,455,Trevor Siemian,163,29,2021-11-25,29-334,NOR,,BUF,L 6-31,17,29,12,58.6,163,1,1,,3.4,3.4,71.5,2,17,6.45,5.6,4.76,3.9,9.6,7-250,QB,7-250,SiemTr00
455,456,Jalen Hurts,162,17,2021-11-07,23-092,PHI,,LAC,L 24-27,11,17,6,64.7,162,1,0,,5.9,0.0,115.3,1,7,5.56,9.5,10.71,9.72,14.7,2-53,QB,2-53,HurtJa00
456,457,Trevor Lawrence,162,35,2021-11-14,22-039,JAX,@,IND,L 17-23,16,35,19,45.7,162,0,0,,0.0,0.0,59.5,3,10,7.89,4.6,4.63,4.0,10.1,1-1,QB,1-1,LawrTr00
457,458,Drew Lock,162,24,2022-01-08,25-059,DEN,,KAN,L 24-28,12,24,12,50.0,162,0,0,,0.0,0.0,71.9,1,5,4.0,6.8,6.75,6.28,13.5,2-42,QB,2-42,LockDr00
458,459,Russell Wilson,161,40,2021-11-14,32-350,SEA,@,GNB,L 0-17,20,40,20,50.0,161,0,2,,0.0,5.0,39.7,3,28,6.98,4.0,1.78,1.0,8.1,3-75,QB,3-75,WilsRu00
459,460,Zach Wilson,160,35,2021-09-26,22-054,NYJ,@,DEN,L 0-26,19,35,16,54.3,160,0,2,,0.0,5.7,42.6,5,41,12.5,4.6,2.0,0.73,8.4,1-2,QB,1-2,WilsZa00
460,461,Ben Roethlisberger,159,35,2021-12-26,39-299,PIT,@,KAN,L 10-36,23,35,12,65.7,159,1,1,,2.9,2.9,73.4,2,21,5.41,4.5,3.83,3.05,6.9,1-11,QB,1-11,RoetBe00
461,462,Trevor Siemian,159,29,2021-10-31,29-309,NOR,,TAM,W 36-27,16,29,13,55.2,159,1,0,,3.4,0.0,82.4,1,6,3.33,5.5,6.17,5.77,9.9,7-250,QB,7-250,SiemTr00
462,463,Trevor Lawrence,158,25,2021-11-21,22-046,JAX,,SFO,L 10-30,16,25,9,64.0,158,0,0,,0.0,0.0,81.7,3,12,10.71,6.3,6.32,5.21,9.9,1-1,QB,1-1,LawrTr00
463,464,Tua Tagovailoa,158,13,2021-11-11,23-254,MIA,,BAL,W 22-10,8,13,5,61.5,158,0,0,,0.0,0.0,104.0,1,6,7.14,12.2,12.15,10.86,19.8,1-5,QB,1-5,TagoTu00
464,465,Tyrod Taylor,158,26,2021-11-28,32-117,HOU,,NYJ,L 14-21,17,26,9,65.4,158,2,1,,7.7,3.8,91.5,5,52,16.13,6.1,5.88,3.26,9.3,6-180,QB,6-180,TaylTy00
465,466,Carson Wentz,158,22,2021-12-05,28-340,IND,@,HOU,W 31-0,16,22,6,72.7,158,1,0,,4.5,0.0,107.8,1,7,4.35,7.2,8.09,7.43,9.9,1-2,QB,1-2,WentCa00
466,467,Joe Burrow,157,22,2021-12-19,25-009,CIN,@,DEN,W 15-10,15,22,7,68.2,157,1,0,,4.5,0.0,103.8,3,21,12.0,7.1,8.05,6.24,10.5,1-1,QB,1-1,BurrJo01
467,468,Trey Lance,157,18,2021-10-03,21-147,SFO,,SEA,L 21-28,9,18,9,50.0,157,2,0,,11.1,0.0,117.1,1,1,5.26,8.7,10.94,10.32,17.4,1-3,QB,1-3,LancTr00
468,469,Jacoby Brissett,156,23,2021-11-11,28-335,MIA,,BAL,W 22-10,11,23,12,47.8,156,0,0,,0.0,0.0,70.2,2,17,8.0,6.8,6.78,5.56,14.2,3-91,QB,3-91,BrisJa00
469,470,Cam Newton,156,38,2021-12-19,32-222,CAR,@,BUF,L 14-31,18,38,20,47.4,156,1,1,,2.6,2.6,56.5,4,32,9.52,4.1,3.45,2.36,8.7,1-1,QB,1-1,NewtCa00
470,471,Russell Wilson,156,31,2021-12-21,33-022,SEA,@,LAR,L 10-20,17,31,14,54.8,156,0,1,,0.0,3.2,55.3,3,22,8.82,5.0,3.58,2.62,9.2,3-75,QB,3-75,WilsRu00
471,472,Baker Mayfield,155,33,2021-10-03,26-172,CLE,@,MIN,W 14-7,15,33,18,45.5,155,0,0,,0.0,0.0,59.5,3,12,8.33,4.7,4.7,3.97,10.3,1-1,QB,1-1,MayfBa00
472,473,Taysom Hill,154,27,2021-12-19,31-118,NOR,@,TAM,W 9-0,13,27,14,48.1,154,0,0,,0.0,0.0,66.0,2,3,6.9,5.7,5.7,5.21,11.8,,QB,,HillTa00
473,474,Drew Lock,153,22,2021-12-26,25-046,DEN,@,LVR,L 13-17,15,22,7,68.2,153,0,0,,0.0,0.0,87.9,2,13,8.33,7.0,6.95,5.83,10.2,2-42,QB,2-42,LockDr00
474,475,Matt Ryan,153,28,2021-11-18,36-185,ATL,,NWE,L 0-25,19,28,9,67.9,153,0,2,,0.0,7.1,51.6,4,33,12.5,5.5,2.25,0.94,8.1,1-3,QB,1-3,RyanMa00
475,476,Ryan Tannehill,153,32,2021-12-19,33-145,TEN,@,PIT,L 13-19,23,32,9,71.9,153,0,1,,0.0,3.1,68.9,4,36,11.11,4.8,3.38,2.0,6.7,1-8,QB,1-8,TannRy00
476,477,Russell Wilson,152,16,2021-10-07,32-312,SEA,,LAR,L 17-26,11,16,5,68.8,152,1,1,,6.3,6.3,93.7,2,21,11.11,9.5,7.94,5.89,13.8,3-75,QB,3-75,WilsRu00
477,478,Carson Wentz,150,26,2021-10-24,28-298,IND,@,SFO,W 30-18,17,26,9,65.4,150,2,0,,7.7,0.0,106.2,1,3,3.7,5.8,7.31,6.93,8.8,1-2,QB,1-2,WentCa00
478,479,Russell Wilson,149,23,2021-10-03,32-308,SEA,@,SFO,W 28-21,16,23,7,69.6,149,2,0,,8.7,0.0,116.0,3,20,11.54,6.5,8.22,6.5,9.3,3-75,QB,3-75,WilsRu00
479,480,Joe Burrow,148,29,2021-11-21,24-346,CIN,@,LVR,W 32-13,20,29,9,69.0,148,1,0,,3.4,0.0,92.3,3,19,9.38,5.1,5.79,4.66,7.4,1-1,QB,1-1,BurrJo01
480,481,Ben Roethlisberger,148,25,2021-12-19,39-292,PIT,,TEN,W 19-13,16,25,9,64.0,148,0,0,,0.0,0.0,80.1,3,15,10.71,5.9,5.92,4.75,9.3,1-11,QB,1-11,RoetBe00
481,482,Carson Wentz,148,27,2022-01-02,29-003,IND,,LVR,L 20-23,16,27,11,59.3,148,1,0,,3.7,0.0,86.7,1,8,3.57,5.5,6.22,5.71,9.3,1-2,QB,1-2,WentCa00
482,483,Jameis Winston,148,20,2021-09-12,27-249,NOR,,GNB,W 38-3,14,20,6,70.0,148,5,0,,25.0,0.0,130.8,0,0,0.0,7.4,12.4,12.4,10.6,1-1,QB,1-1,WinsJa00
483,484,Jalen Hurts,147,24,2021-11-21,23-106,PHI,,NOR,W 40-29,13,24,11,54.2,147,0,0,,0.0,0.0,72.7,3,9,11.11,6.1,6.13,5.11,11.3,2-53,QB,2-53,HurtJa00
484,485,Nick Mullens,147,30,2021-12-20,26-274,CLE,,LVR,L 14-16,20,30,10,66.7,147,1,0,,3.3,0.0,89.2,0,0,0.0,4.9,5.57,5.57,7.4,,QB,,MullNi00
485,486,Matt Ryan,146,27,2021-10-31,36-167,ATL,,CAR,L 13-19,20,27,7,74.1,146,1,2,,3.7,7.4,67.8,3,15,10.0,5.4,2.81,2.03,7.3,1-3,QB,1-3,RyanMa00
486,487,Josh Allen,145,30,2021-12-06,25-199,BUF,,NWE,L 10-14,15,30,15,50.0,145,1,0,,3.3,0.0,75.0,2,14,6.25,4.8,5.5,4.72,9.7,1-7,QB,1-7,AlleJo02
487,488,Mac Jones,145,32,2021-12-26,23-112,NWE,,BUF,L 21-33,14,32,18,43.8,145,0,2,,0.0,6.3,31.4,1,6,3.03,4.5,1.72,1.48,10.4,1-15,QB,1-15,JoneMa05
488,489,Trevor Lawrence,145,28,2021-12-05,22-060,JAX,@,LAR,L 7-37,16,28,12,57.1,145,0,0,,0.0,0.0,71.3,2,9,6.67,5.2,5.18,4.53,9.1,1-1,QB,1-1,LawrTr00
489,490,Zach Wilson,145,24,2021-11-28,22-117,NYJ,@,HOU,W 21-14,14,24,10,58.3,145,0,1,,0.0,4.2,58.5,4,36,14.29,6.0,4.17,2.29,10.4,1-2,QB,1-2,WilsZa00
490,491,Ryan Tannehill,143,27,2021-11-07,33-103,TEN,@,LAR,W 28-16,19,27,8,70.4,143,1,1,,3.7,3.7,79.7,3,18,10.0,5.3,4.37,3.33,7.5,1-8,QB,1-8,TannRy00
491,492,Tyler Huntley,141,31,2022-01-09,23-340,BAL,,PIT,L 13-16 (OT),16,31,15,51.6,141,0,2,,0.0,6.5,37.2,3,9,8.82,4.5,1.65,1.24,8.8,,QB,,HuntTy01
492,493,Mac Jones,139,18,2021-11-07,23-063,NWE,@,CAR,W 24-6,12,18,6,66.7,139,1,1,,5.6,5.6,85.2,2,17,10.0,7.7,6.33,4.85,11.6,1-15,QB,1-15,JoneMa05
493,494,Aaron Rodgers,138,18,2022-01-09,38-038,GNB,@,DET,L 30-37,14,18,4,77.8,138,2,0,,11.1,0.0,135.6,3,8,14.29,7.7,9.89,8.1,9.9,1-24,QB,1-24,RodgAa00
494,495,Brandon Allen,136,29,2022-01-09,29-126,CIN,@,CLE,L 16-21,15,29,14,51.7,136,1,0,,3.4,0.0,76.2,4,33,12.12,4.7,5.38,3.73,9.1,6-201,QB,6-201,AlleBr00
495,496,Ian Book,135,20,2021-12-27,23-272,NOR,,MIA,L 3-20,12,20,8,60.0,135,0,2,1.0,0.0,10.0,40.6,8,54,28.57,6.8,2.25,-0.32,11.3,4-133,QB,4-133,BookIa00
496,497,Davis Mills,135,32,2021-10-24,23-003,HOU,@,ARI,L 5-31,23,32,9,71.9,135,0,0,,0.0,0.0,79.6,2,17,5.88,4.2,4.22,3.47,5.9,3-67,QB,3-67,MillDa02
497,498,Jordan Love,134,17,2022-01-09,23-068,GNB,@,DET,L 30-37,10,17,7,58.8,134,1,2,,5.9,11.8,64.0,1,8,5.56,7.9,3.76,3.11,13.4,1-26,QB,1-26,LoveJo03
498,499,Aaron Rodgers,133,28,2021-09-12,37-284,GNB,@,NOR,L 3-38,15,28,13,53.6,133,0,2,,0.0,7.1,36.8,1,11,3.45,4.8,1.54,1.1,8.9,1-24,QB,1-24,RodgAa00
499,500,Sam Darnold,132,26,2022-01-02,24-211,CAR,@,NOR,L 10-18,17,26,9,65.4,132,0,1,,0.0,3.8,61.7,7,42,21.21,5.1,3.35,1.36,7.8,1-3,QB,1-3,DarnSa00
500,501,Geno Smith,131,17,2021-10-07,30-362,SEA,,LAR,L 17-26,10,17,7,58.8,131,1,1,,5.9,5.9,78.3,0,0,0.0,7.7,6.24,6.24,13.1,2-39,QB,2-39,SmitGe00
501,502,Teddy Bridgewater,129,18,2021-11-28,29-018,DEN,,LAC,W 28-13,11,18,7,61.1,129,1,0,,5.6,0.0,101.4,0,0,0.0,7.2,8.28,8.28,11.7,1-32,QB,1-32,BridTe00
502,503,Sam Darnold,129,24,2021-10-31,24-148,CAR,@,ATL,W 19-13,13,24,11,54.2,129,0,0,,0.0,0.0,69.6,0,0,0.0,5.4,5.38,5.38,9.9,1-3,QB,1-3,DarnSa00
503,504,Jalen Hurts,129,31,2021-11-28,23-113,PHI,@,NYG,L 7-13,14,31,17,45.2,129,0,3,,0.0,9.7,17.5,1,5,3.13,4.2,-0.19,-0.34,9.2,2-53,QB,2-53,HurtJa00
504,505,Jameis Winston,128,21,2021-09-26,27-263,NOR,@,NWE,W 28-13,13,21,8,61.9,128,2,0,,9.5,0.0,110.8,3,18,12.5,6.1,8.0,6.25,9.8,1-1,QB,1-1,WinsJa00
505,506,Tyrod Taylor,125,11,2021-09-19,32-047,HOU,@,CLE,L 21-31,10,11,1,90.9,125,1,0,,9.1,0.0,144.3,0,0,0.0,11.4,13.18,13.18,12.5,6-180,QB,6-180,TaylTy00
506,507,Kyler Murray,123,15,2021-12-05,24-120,ARI,@,CHI,W 33-22,11,15,4,73.3,123,2,0,,13.3,0.0,136.9,1,3,6.25,8.2,10.87,10.0,11.2,1-1,QB,1-1,MurrKy00
507,508,Ben Roethlisberger,123,46,2022-01-03,39-307,PIT,,CLE,W 26-14,24,46,22,52.2,123,1,1,,2.2,2.2,56.2,2,14,4.17,2.7,2.13,1.75,5.1,1-11,QB,1-11,RoetBe00
508,509,Taylor Heinicke,122,15,2021-09-12,28-181,WAS,,LAC,L 16-20,11,15,4,73.3,122,1,0,,6.7,0.0,119.3,0,0,0.0,8.1,9.47,9.47,11.1,,QB,,HeinTa00
509,510,Taylor Heinicke,122,25,2021-12-12,28-272,WAS,,DAL,L 20-27,11,25,14,44.0,122,1,1,,4.0,4.0,55.7,4,46,13.79,4.9,3.88,1.76,11.1,,QB,,HeinTa00
510,511,Taylor Heinicke,121,22,2021-12-26,28-286,WAS,@,DAL,L 14-56,7,22,15,31.8,121,1,2,1.0,4.5,9.1,28.8,4,16,15.38,5.5,2.32,1.35,17.3,,QB,,HeinTa00
511,512,Josh Allen,120,26,2022-01-02,25-226,BUF,,ATL,W 29-15,11,26,15,42.3,120,0,3,,0.0,11.5,17.0,0,0,0.0,4.6,-0.58,-0.58,10.9,1-7,QB,1-7,AlleJo02
512,513,Taylor Heinicke,120,18,2022-01-09,28-300,WAS,@,NYG,W 22-7,9,18,9,50.0,120,0,0,,0.0,0.0,71.5,3,21,14.29,6.7,6.67,4.71,13.3,,QB,,HeinTa00
513,514,Ryan Tannehill,120,18,2022-01-02,33-159,TEN,,MIA,W 34-3,13,18,5,72.2,120,2,0,,11.1,0.0,127.1,1,10,5.26,6.7,8.89,7.89,9.2,1-8,QB,1-8,TannRy00
514,515,Trevor Lawrence,118,33,2021-09-19,21-348,JAX,,DEN,L 13-23,14,33,19,42.4,118,1,2,,3.0,6.1,37.2,1,4,2.94,3.6,1.45,1.29,8.4,1-1,QB,1-1,LawrTr00
515,516,Trevor Lawrence,118,26,2021-11-07,22-032,JAX,,BUF,W 9-6,15,26,11,57.7,118,0,0,,0.0,0.0,69.1,2,12,7.14,4.5,4.54,3.79,7.9,1-1,QB,1-1,LawrTr00
516,517,Matt Ryan,117,21,2021-11-14,36-181,ATL,@,DAL,L 3-43,9,21,12,42.9,117,0,2,,0.0,9.5,21.4,2,20,8.7,5.6,1.29,0.3,13.0,1-3,QB,1-3,RyanMa00
517,518,Jalen Hurts,115,26,2021-10-14,23-068,PHI,,TAM,L 22-28,12,26,14,46.2,115,1,1,,3.8,3.8,55.8,2,2,7.14,4.4,3.46,3.14,9.6,2-53,QB,2-53,HurtJa00
518,519,Jared Goff,114,25,2021-11-14,27-031,DET,@,PIT,T 16-16 (OT),14,25,11,56.0,114,0,0,,0.0,0.0,67.7,4,37,13.79,4.6,4.56,2.66,8.1,1-1,QB,1-1,GoffJa00
519,520,Drew Lock,113,21,2021-10-03,24-327,DEN,,BAL,L 7-23,12,21,9,57.1,113,0,1,,0.0,4.8,52.3,3,15,12.5,5.4,3.24,2.21,9.4,2-42,QB,2-42,LockDr00
520,521,Sam Darnold,112,25,2021-10-24,24-141,CAR,@,NYG,L 3-25,16,25,9,64.0,112,0,1,,0.0,4.0,57.4,3,12,10.71,4.5,2.68,1.96,7.0,1-3,QB,1-3,DarnSa00
521,522,Justin Fields,111,20,2021-10-10,22-219,CHI,@,LVR,W 20-9,12,20,8,60.0,111,1,0,,5.0,0.0,91.9,2,10,9.09,5.6,6.55,5.5,9.3,1-11,QB,1-11,FielJu00
522,523,Jameis Winston,111,22,2021-09-19,27-256,NOR,@,CAR,L 7-26,11,22,11,50.0,111,0,2,,0.0,9.1,26.9,4,31,15.38,5.0,0.95,-0.38,10.1,1-1,QB,1-1,WinsJa00
523,524,Daniel Jones,110,20,2021-11-07,24-164,NYG,,LVR,W 23-16,15,20,5,75.0,110,1,0,,5.0,0.0,104.2,2,6,9.09,5.5,6.5,5.64,7.3,1-6,QB,1-6,JoneDa05
524,525,Tua Tagovailoa,109,22,2022-01-09,23-313,MIA,,NWE,W 33-24,15,22,7,68.2,109,1,0,,4.5,0.0,94.7,1,6,4.35,5.0,5.86,5.35,7.3,1-5,QB,1-5,TagoTu00
525,526,Taysom Hill,107,9,2022-01-09,31-139,NOR,@,ATL,W 30-20,7,9,2,77.8,107,1,0,,11.1,0.0,153.2,0,0,0.0,11.9,14.11,14.11,15.3,,QB,,HillTa00
526,527,Colt McCoy,107,20,2021-11-14,35-070,ARI,,CAR,L 10-34,11,20,9,55.0,107,0,1,,0.0,5.0,49.4,2,22,9.09,5.4,3.1,1.82,9.7,3-85,QB,3-85,McCoCo00
527,528,Tyrod Taylor,107,24,2021-11-21,32-110,HOU,@,TEN,W 22-13,14,24,10,58.3,107,0,0,,0.0,0.0,69.3,0,0,0.0,4.5,4.46,4.46,7.6,6-180,QB,6-180,TaylTy00
528,529,Carson Wentz,106,20,2021-11-21,28-326,IND,@,BUF,W 41-15,11,20,9,55.0,106,1,0,,5.0,0.0,86.7,0,0,0.0,5.3,6.3,6.3,9.6,1-2,QB,1-2,WentCa00
529,530,Jake Fromm,103,31,2022-01-09,23-163,NYG,,WAS,L 7-22,15,31,16,48.4,103,1,2,1.0,3.2,6.5,40.1,3,20,8.82,3.3,1.06,0.38,6.9,5-167,QB,5-167,FromJa00
530,531,Jalen Hurts,103,14,2021-10-31,23-085,PHI,@,DET,W 44-6,9,14,5,64.3,103,0,0,,0.0,0.0,86.3,0,0,0.0,7.4,7.36,7.36,11.4,2-53,QB,2-53,HurtJa00
531,532,Davis Mills,102,18,2021-09-19,22-333,HOU,@,CLE,L 21-31,8,18,10,44.4,102,1,1,,5.6,5.6,58.1,1,7,5.26,5.7,4.28,3.68,12.8,3-67,QB,3-67,MillDa02
532,533,Zach Wilson,102,22,2021-12-26,22-145,NYJ,,JAX,W 26-21,14,22,8,63.6,102,1,0,,4.5,0.0,89.6,1,2,4.35,4.6,5.55,5.22,7.3,1-2,QB,1-2,WilsZa00
533,534,Mike Glennon,99,24,2021-12-19,32-007,NYG,,DAL,L 6-21,13,24,11,54.2,99,0,3,,0.0,12.5,24.8,0,0,0.0,4.1,-1.5,-1.5,7.6,3-73,QB,3-73,GlenMi00
534,535,Teddy Bridgewater,98,22,2021-12-19,29-039,DEN,,CIN,L 10-15,12,22,10,54.5,98,0,0,,0.0,0.0,66.1,2,18,8.33,4.5,4.45,3.33,8.2,1-32,QB,1-32,BridTe00
535,536,Daniel Jones,98,13,2021-10-10,24-136,NYG,@,DAL,L 20-44,5,13,8,38.5,98,0,0,,0.0,0.0,65.5,0,0,0.0,7.5,7.54,7.54,19.6,1-6,QB,1-6,JoneDa05
536,537,Mike White,95,11,2021-11-04,26-224,NYJ,@,IND,L 30-45,7,11,4,63.6,95,1,0,,9.1,0.0,121.4,0,0,0.0,8.6,10.45,10.45,13.6,5-171,QB,5-171,WhitMi01
537,538,Mike Glennon,93,27,2021-12-26,32-014,NYG,@,PHI,L 10-34,17,27,10,63.0,93,1,1,1.0,3.7,3.7,65.8,0,0,0.0,3.4,2.52,2.52,5.5,3-73,QB,3-73,GlenMi00
538,539,Ryan Tannehill,93,21,2021-11-28,33-124,TEN,@,NWE,L 13-36,11,21,10,52.4,93,1,1,,4.8,4.8,60.2,2,8,8.7,4.4,3.24,2.61,8.5,1-8,QB,1-8,TannRy00
539,540,Cam Newton,92,21,2021-11-28,32-201,CAR,@,MIA,L 10-33,5,21,16,23.8,92,0,2,,0.0,9.5,5.8,1,14,4.55,4.4,0.1,-0.55,18.4,1-1,QB,1-1,NewtCa00
540,541,Drew Lock,88,12,2021-12-19,25-039,DEN,,CIN,L 10-15,6,12,6,50.0,88,1,0,,8.3,0.0,102.1,1,9,7.69,7.3,9.0,7.62,14.7,2-42,QB,2-42,LockDr00
541,542,Kirk Cousins,87,24,2021-12-20,33-123,MIN,@,CHI,W 17-9,12,24,12,50.0,87,2,1,,8.3,4.2,69.3,4,26,14.29,3.6,3.42,2.0,7.3,4-102,QB,4-102,CousKi00
542,543,Davis Mills,87,21,2021-10-03,22-347,HOU,@,BUF,L 0-40,11,21,10,52.4,87,0,4,,0.0,19.0,23.4,3,26,12.5,4.1,-4.43,-4.96,7.9,3-67,QB,3-67,MillDa02
543,544,P.J. Walker,87,10,2021-11-28,26-275,CAR,@,MIA,L 10-33,5,10,5,50.0,87,0,1,,0.0,10.0,40.4,4,31,28.57,8.7,4.2,0.79,17.4,,QB,,WalkPh00
544,545,Zach Wilson,87,20,2022-01-09,22-159,NYJ,@,BUF,L 10-27,7,20,13,35.0,87,1,0,,5.0,0.0,66.0,8,79,28.57,4.4,5.35,1.0,12.4,1-2,QB,1-2,WilsZa00
545,546,Brian Hoyer,85,3,2021-11-14,36-032,NWE,,CLE,W 45-7,3,3,0,100.0,85,1,0,,33.3,0.0,158.3,0,0,0.0,28.3,35.0,35.0,28.3,,QB,,HoyeBr00
546,547,Jake Fromm,82,12,2021-12-19,23-142,NYG,,DAL,L 6-21,6,12,6,50.0,82,0,0,,0.0,0.0,72.2,1,3,7.69,6.8,6.83,6.08,13.7,5-167,QB,5-167,FromJa00
547,548,Chad Henne,82,16,2021-10-24,36-114,KAN,@,TEN,L 3-27,11,16,5,68.8,82,0,0,,0.0,0.0,80.7,0,0,0.0,5.1,5.13,5.13,7.5,2-57,QB,2-57,HennCh01
548,549,Case Keenum,81,12,2021-11-14,33-270,CLE,@,NWE,L 7-45,8,12,4,66.7,81,0,0,,0.0,0.0,85.8,3,19,20.0,6.8,6.75,4.13,10.1,,QB,,KeenCa00
549,550,Justin Fields,79,11,2021-11-21,22-261,CHI,,BAL,L 13-16,4,11,7,36.4,79,0,0,,0.0,0.0,62.3,2,1,15.38,7.2,7.18,6.0,19.8,1-11,QB,1-11,FielJu00
550,551,Brian Hoyer,79,4,2021-10-24,36-011,NWE,,NYJ,W 54-13,3,4,1,75.0,79,0,0,,0.0,0.0,116.7,0,0,0.0,19.8,19.75,19.75,26.3,,QB,,HoyeBr00
551,552,Tim Boyle,77,23,2021-11-21,27-049,DET,@,CLE,L 10-13,15,23,8,65.2,77,0,2,,0.0,8.7,34.1,0,0,0.0,3.3,-0.57,-0.57,5.1,,QB,,BoylTi00
552,553,Tom Kennedy,75,1,2022-01-09,25-164,DET,,GNB,W 37-30,1,1,0,100.0,75,1,0,,100.0,0.0,158.3,0,0,0.0,75.0,95.0,95.0,75.0,,WR,,KennTo01
553,554,P.J. Walker,75,12,2021-12-12,26-289,CAR,,ATL,L 21-29,6,12,6,50.0,75,1,1,,8.3,8.3,62.8,0,0,0.0,6.3,4.17,4.17,12.5,,QB,,WalkPh00
554,555,Baker Mayfield,73,21,2021-11-14,26-214,CLE,@,NWE,L 7-45,11,21,10,52.4,73,1,1,,4.8,4.8,56.2,2,17,8.7,3.5,2.29,1.35,6.6,1-1,QB,1-1,MayfBa00
555,556,Trevor Siemian,71,15,2022-01-09,30-014,NOR,@,ATL,W 30-20,9,15,6,60.0,71,2,0,,13.3,0.0,111.4,1,4,6.25,4.7,7.4,6.69,7.9,7-250,QB,7-250,SiemTr00
556,557,Cooper Rush,70,3,2021-12-26,28-035,DAL,,WAS,W 56-14,2,3,1,66.7,70,1,0,,33.3,0.0,149.3,0,0,0.0,23.3,30.0,30.0,35.0,,QB,,RushCo00
557,558,Justin Fields,68,20,2021-09-26,22-205,CHI,@,CLE,L 6-26,6,20,14,30.0,68,0,0,,0.0,0.0,41.2,9,67,31.03,3.4,3.4,0.03,11.3,1-11,QB,1-11,FielJu00
558,559,Jordan Love,68,7,2021-09-12,22-314,GNB,@,NOR,L 3-38,5,7,2,71.4,68,0,0,,0.0,0.0,102.1,1,4,12.5,9.7,9.71,8.0,13.6,1-26,QB,1-26,LoveJo03
559,560,Kyle Allen,67,10,2021-12-26,25-293,WAS,@,DAL,L 14-56,8,10,2,80.0,67,1,0,,10.0,0.0,127.9,1,0,9.09,6.7,8.7,7.91,8.4,,QB,,AlleKy00
560,561,Teddy Bridgewater,65,16,2021-10-03,28-327,DEN,,BAL,L 7-23,7,16,9,43.8,65,1,0,,6.3,0.0,76.3,2,15,11.11,4.1,5.31,3.89,9.3,1-32,QB,1-32,BridTe00
561,562,Brian Hoyer,63,4,2022-01-02,36-081,NWE,,JAX,W 50-10,3,4,1,75.0,63,0,0,,0.0,0.0,116.7,0,0,0.0,15.8,15.75,15.75,21.0,,QB,,HoyeBr00
562,563,Cam Newton,61,13,2021-12-26,32-229,CAR,,TAM,L 6-32,7,13,6,53.8,61,0,1,,0.0,7.7,34.5,3,24,18.75,4.7,1.23,-0.5,8.7,1-1,QB,1-1,NewtCa00
563,564,Justin Fields,60,13,2021-09-19,22-198,CHI,,CIN,W 20-17,6,13,7,46.2,60,0,1,,0.0,7.7,27.7,2,25,13.33,4.6,1.15,-0.67,10.0,1-11,QB,1-11,FielJu00
564,565,Carson Wentz,57,12,2021-12-18,28-353,IND,,NWE,W 27-17,5,12,7,41.7,57,1,1,,8.3,8.3,49.7,1,8,7.69,4.8,2.67,1.85,11.4,1-2,QB,1-2,WentCa00
565,566,Andy Dalton,56,11,2021-09-19,33-325,CHI,,CIN,W 20-17,9,11,2,81.8,56,1,0,,9.1,0.0,118.2,1,8,8.33,5.1,6.91,5.67,6.2,2-35,QB,2-35,DaltAn00
566,567,Colt McCoy,56,9,2021-12-19,35-105,ARI,@,DET,L 12-30,6,9,3,66.7,56,0,0,,0.0,0.0,83.6,0,0,0.0,6.2,6.22,6.22,9.3,3-85,QB,3-85,McCoCo00
567,568,Jameis Winston,56,10,2021-10-31,27-298,NOR,,TAM,W 36-27,6,10,4,60.0,56,1,0,,10.0,0.0,108.7,0,0,0.0,5.6,7.6,7.6,9.3,1-1,QB,1-1,WinsJa00
568,569,Kyle Allen,53,9,2021-12-12,25-279,WAS,,DAL,L 20-27,4,9,5,44.4,53,0,0,,0.0,0.0,63.7,1,5,10.0,5.9,5.89,4.8,13.3,,QB,,AlleKy00
569,570,Zach Wilson,51,10,2021-10-24,22-082,NYJ,@,NWE,L 13-54,6,10,4,60.0,51,0,0,,0.0,0.0,73.3,1,8,9.09,5.1,5.1,3.91,8.5,1-2,QB,1-2,WilsZa00
570,571,Davis Mills,49,14,2021-12-05,23-045,HOU,,IND,L 0-31,6,14,8,42.9,49,0,0,,0.0,0.0,52.4,2,13,12.5,3.5,3.5,2.25,8.2,3-67,QB,3-67,MillDa02
571,572,Joe Flacco,47,3,2021-11-14,36-302,NYJ,,BUF,L 17-45,3,3,0,100.0,47,1,0,,33.3,0.0,158.3,0,0,0.0,15.7,22.33,22.33,15.7,1-18,QB,1-18,FlacJo00
572,573,Tyler Boyd,46,1,2021-10-31,26-350,CIN,@,NYJ,L 31-34,1,1,0,100.0,46,0,0,,0.0,0.0,118.7,0,0,0.0,46.0,46.0,46.0,46.0,2-55,WR,2-55,BoydTy00
573,574,Jakobi Meyers,45,2,2021-10-03,24-328,NWE,,TAM,L 17-19,2,2,0,100.0,45,0,0,,0.0,0.0,118.7,0,0,0.0,22.5,22.5,22.5,22.5,,WR,,MeyeJa01
574,575,Tyrod Taylor,45,13,2021-12-05,32-124,HOU,,IND,L 0-31,5,13,8,38.5,45,0,1,,0.0,7.7,16.5,2,24,13.33,3.5,0.0,-1.6,9.0,6-180,QB,6-180,TaylTy00
575,576,Blaine Gabbert,41,3,2021-10-10,31-360,TAM,,MIA,W 45-17,3,3,0,100.0,41,0,0,,0.0,0.0,118.7,0,0,0.0,13.7,13.67,13.67,13.7,1-10,QB,1-10,GabbBl00
576,577,Tyler Huntley,39,11,2021-10-24,23-263,BAL,,CIN,L 17-41,5,11,6,45.5,39,0,0,,0.0,0.0,54.7,0,0,0.0,3.5,3.55,3.55,7.8,,QB,,HuntTy01
577,578,Chris Streveler,36,9,2021-11-14,26-312,ARI,,CAR,L 10-34,6,9,3,66.7,36,0,0,,0.0,0.0,74.3,2,17,18.18,4.0,4.0,1.73,6.0,,QB,,StreCh00
578,579,Mason Rudolph,35,8,2021-12-26,26-162,PIT,@,KAN,L 10-36,5,8,3,62.5,35,0,0,,0.0,0.0,72.4,0,0,0.0,4.4,4.38,4.38,7.0,3-76,QB,3-76,RudoMa00
579,580,Cedrick Wilson Jr.,35,1,2021-10-31,25-345,DAL,@,MIN,W 20-16,1,1,0,100.0,35,0,0,,0.0,0.0,118.7,0,0,0.0,35.0,35.0,35.0,35.0,6-208,WR,6-208,WilsCe01
580,581,C.J. Beathard,33,2,2021-11-07,27-356,JAX,,BUF,W 9-6,2,2,0,100.0,33,0,0,,0.0,0.0,118.7,0,0,0.0,16.5,16.5,16.5,16.5,3-104,QB,3-104,BeatC.00
581,582,Taysom Hill,33,2,2021-11-07,31-076,NOR,,ATL,L 25-27,2,2,0,100.0,33,0,0,,0.0,0.0,118.7,0,0,0.0,16.5,16.5,16.5,16.5,,QB,,HillTa00
582,583,Christian Kirk,33,1,2021-11-07,24-354,ARI,@,SFO,W 31-17,1,1,0,100.0,33,0,0,,0.0,0.0,118.7,0,0,0.0,33.0,33.0,33.0,33.0,2-47,WR,2-47,KirkCh01
583,584,P.J. Walker,33,14,2021-10-24,26-240,CAR,@,NYG,L 3-25,3,14,11,21.4,33,0,0,,0.0,0.0,39.6,3,16,17.65,2.4,2.36,1.0,11.0,,QB,,WalkPh00
584,585,Cedrick Wilson Jr.,31,1,2022-01-02,26-043,DAL,,ARI,L 22-25,1,1,0,100.0,31,0,0,,0.0,0.0,118.7,0,0,0.0,31.0,31.0,31.0,31.0,6-208,WR,6-208,WilsCe01
585,586,Drew Lock,26,7,2021-11-28,25-018,DEN,,LAC,W 28-13,4,7,3,57.1,26,0,1,,0.0,14.3,25.6,1,0,12.5,3.7,-2.71,-2.38,6.5,2-42,QB,2-42,LockDr00
586,587,Kendrick Bourne,25,1,2021-10-24,26-081,NWE,,NYJ,W 54-13,1,1,0,100.0,25,1,0,,100.0,0.0,158.3,0,0,0.0,25.0,45.0,45.0,25.0,,WR,,BourKe00
587,588,Jacoby Brissett,25,1,2021-10-17,28-310,MIA,@,JAX,L 20-23,1,1,0,100.0,25,0,0,,0.0,0.0,118.7,0,0,0.0,25.0,25.0,25.0,25.0,3-91,QB,3-91,BrisJa00
588,589,Jacob Eason,25,5,2021-09-19,23-306,IND,,LAR,L 24-27,2,5,3,40.0,25,0,1,,0.0,20.0,16.7,0,0,0.0,5.0,-4.0,-4.0,12.5,4-122,QB,4-122,EasoJa00
589,590,Jake Fromm,25,17,2021-12-26,23-149,NYG,@,PHI,L 10-34,6,17,11,35.3,25,0,1,,0.0,5.9,19.5,2,10,10.53,1.5,-1.18,-1.58,4.2,5-167,QB,5-167,FromJa00
590,591,Mike Glennon,24,11,2022-01-02,32-021,NYG,@,CHI,L 3-29,4,11,7,36.4,24,0,2,,0.0,18.2,5.3,4,30,26.67,2.2,-6.0,-6.4,6.0,3-73,QB,3-73,GlenMi00
591,592,Justin Jefferson,24,1,2021-11-28,22-165,MIN,@,SFO,L 26-34,1,1,0,100.0,24,0,0,,0.0,0.0,118.7,0,0,0.0,24.0,24.0,24.0,24.0,1-22,WR,1-22,JeffJu00
592,593,Deebo Samuel,24,1,2022-01-09,25-359,SFO,@,LAR,W 27-24 (OT),1,1,0,100.0,24,1,0,,100.0,0.0,158.3,0,0,0.0,24.0,44.0,44.0,24.0,2-36,WR,2-36,SamuDe00
593,594,Chris Banjo,23,1,2022-01-02,31-310,ARI,@,DAL,W 25-22,1,1,0,100.0,23,0,0,,0.0,0.0,118.7,0,0,0.0,23.0,23.0,23.0,23.0,,DB,,BanjCh00
594,595,Cedrick Wilson Jr.,22,1,2021-10-10,25-324,DAL,,NYG,W 44-20,1,1,0,100.0,22,0,0,,0.0,0.0,118.7,0,0,0.0,22.0,22.0,22.0,22.0,6-208,WR,6-208,WilsCe01
595,596,Jack Fox,21,1,2021-12-26,25-116,DET,@,ATL,L 16-20,1,1,0,100.0,21,0,0,,0.0,0.0,118.7,0,0,0.0,21.0,21.0,21.0,21.0,,P,,FoxxJa01
596,597,Mac Jones,19,3,2021-12-06,23-092,NWE,@,BUF,W 14-10,2,3,1,66.7,19,0,0,,0.0,0.0,84.0,0,0,0.0,6.3,6.33,6.33,9.5,1-15,QB,1-15,JoneMa05
597,598,Jordan Love,19,4,2022-01-02,23-061,GNB,,MIN,W 37-10,2,4,2,50.0,19,0,0,,0.0,0.0,63.5,0,0,0.0,4.8,4.75,4.75,9.5,1-26,QB,1-26,LoveJo03
598,599,Kadarius Toney,19,1,2021-11-01,22-278,NYG,@,KAN,L 17-20,1,1,0,100.0,19,0,0,,0.0,0.0,118.7,0,0,0.0,19.0,19.0,19.0,19.0,1-20,WR,1-20,ToneKa00
599,600,Mitchell Trubisky,19,5,2021-11-21,27-093,BUF,,IND,L 15-41,3,5,2,60.0,19,0,1,,0.0,20.0,28.3,0,0,0.0,3.8,-5.2,-5.2,6.3,1-2,QB,1-2,TrubMi00
600,601,Jack Fox,17,1,2021-10-24,25-053,DET,@,LAR,L 19-28,1,1,0,100.0,17,0,0,,0.0,0.0,118.7,0,0,0.0,17.0,17.0,17.0,17.0,,P,,FoxxJa01
601,602,Lamar Jackson,17,4,2021-12-12,24-339,BAL,@,CLE,L 22-24,4,4,0,100.0,17,0,0,,0.0,0.0,84.4,1,0,20.0,4.3,4.25,3.4,4.3,1-32,QB,1-32,JackLa00
602,603,Josh Johnson,17,4,2021-10-31,35-169,NYJ,,CIN,W 34-31,2,4,2,50.0,17,0,0,,0.0,0.0,61.5,0,0,0.0,4.3,4.25,4.25,8.5,5-160,QB,5-160,JohnJo05
603,604,Cooper Rush,17,3,2021-11-14,27-358,DAL,,ATL,W 43-3,3,3,0,100.0,17,0,0,,0.0,0.0,90.3,0,0,0.0,5.7,5.67,5.67,5.7,,QB,,RushCo00
604,605,Dante Pettis,16,1,2021-10-24,26-001,NYG,,CAR,W 25-3,1,1,0,100.0,16,0,0,,0.0,0.0,118.7,0,0,0.0,16.0,16.0,16.0,16.0,2-44,WR,2-44,PettDa00
605,606,Courtland Sutton,16,1,2022-01-08,26-090,DEN,,KAN,L 24-28,1,1,0,100.0,16,0,0,,0.0,0.0,118.7,0,0,0.0,16.0,16.0,16.0,16.0,2-40,WR,2-40,SuttCo00
606,607,Tommy Townsend,16,1,2021-11-14,25-002,KAN,@,LVR,W 41-14,1,1,0,100.0,16,0,0,,0.0,0.0,118.7,0,0,0.0,16.0,16.0,16.0,16.0,,P,,TownTo01
607,608,Blaine Gabbert,15,3,2021-10-24,32-009,TAM,,CHI,W 38-3,2,3,1,66.7,15,0,0,,0.0,0.0,78.5,0,0,0.0,5.0,5.0,5.0,7.5,1-10,QB,1-10,GabbBl00
608,609,Mitchell Trubisky,15,1,2022-01-09,27-142,BUF,,NYJ,W 27-10,1,1,0,100.0,15,0,0,,0.0,0.0,118.7,0,0,0.0,15.0,15.0,15.0,15.0,1-2,QB,1-2,TrubMi00
609,610,Josh Rosen,14,6,2021-11-14,24-277,ATL,@,DAL,L 3-43,1,6,5,16.7,14,0,1,,0.0,16.7,0.0,0,0,0.0,2.3,-5.17,-5.17,14.0,1-10,QB,1-10,RoseJo01
610,611,Ryan Fitzpatrick,13,6,2021-09-12,38-292,WAS,,LAC,L 16-20,3,6,3,50.0,13,0,0,,0.0,0.0,56.2,1,2,14.29,2.2,2.17,1.57,4.3,7-250,QB,7-250,FitzRy00
611,612,Tua Tagovailoa,13,4,2021-09-19,23-201,MIA,,BUF,L 0-35,1,4,3,25.0,13,0,0,,0.0,0.0,40.6,2,13,33.33,3.3,3.25,0.0,13.0,1-5,QB,1-5,TagoTu00
612,613,Blaine Gabbert,11,2,2021-11-22,32-038,TAM,,NYG,W 30-10,2,2,0,100.0,11,0,0,,0.0,0.0,89.6,1,10,33.33,5.5,5.5,0.33,5.5,1-10,QB,1-10,GabbBl00
613,614,Taysom Hill,11,2,2021-11-14,31-083,NOR,@,TEN,L 21-23,2,2,0,100.0,11,0,0,,0.0,0.0,89.6,0,0,0.0,5.5,5.5,5.5,5.5,,QB,,HillTa00
614,615,Justin Jefferson,11,1,2021-09-12,22-088,MIN,@,CIN,L 24-27 (OT),1,1,0,100.0,11,0,0,,0.0,0.0,112.5,0,0,0.0,11.0,11.0,11.0,11.0,1-22,WR,1-22,JeffJu00
615,616,Gardner Minshew II,11,2,2021-10-31,25-168,PHI,@,DET,W 44-6,2,2,0,100.0,11,0,0,,0.0,0.0,89.6,0,0,0.0,5.5,5.5,5.5,5.5,6-178,QB,6-178,MinsGa00
616,617,Justin Fields,10,2,2021-09-12,22-191,CHI,@,LAR,L 14-34,2,2,0,100.0,10,0,0,,0.0,0.0,87.5,0,0,0.0,5.0,5.0,5.0,5.0,1-11,QB,1-11,FielJu00
617,618,Cooper Rush,10,1,2022-01-08,28-048,DAL,@,PHI,W 51-26,1,1,0,100.0,10,0,0,,0.0,0.0,108.3,0,0,0.0,10.0,10.0,10.0,10.0,,QB,,RushCo00
618,619,Taysom Hill,9,3,2021-10-03,31-041,NOR,,NYG,L 21-27 (OT),2,3,1,66.7,9,0,1,,0.0,33.3,30.6,0,0,0.0,3.0,-12.0,-12.0,4.5,,QB,,HillTa00
619,620,Andy Dalton,8,1,2021-10-10,33-346,CHI,@,LVR,W 20-9,1,1,0,100.0,8,0,0,,0.0,0.0,100.0,0,0,0.0,8.0,8.0,8.0,8.0,2-35,QB,2-35,DaltAn00
620,621,Cam Newton,8,4,2021-11-14,32-187,CAR,@,ARI,W 34-10,3,4,1,75.0,8,1,0,,25.0,0.0,116.7,0,0,0.0,2.0,7.0,7.0,2.7,1-1,QB,1-1,NewtCa00
621,622,Mitchell Trubisky,8,1,2021-10-03,27-044,BUF,,HOU,W 40-0,1,1,0,100.0,8,0,0,,0.0,0.0,100.0,0,0,0.0,8.0,8.0,8.0,8.0,1-2,QB,1-2,TrubMi00
622,623,Brandon Allen,7,1,2021-10-17,29-042,CIN,@,DET,W 34-11,1,1,0,100.0,7,1,0,,100.0,0.0,135.4,0,0,0.0,7.0,27.0,27.0,7.0,6-201,QB,6-201,AlleBr00
623,624,Brandon Allen,6,2,2021-11-07,29-063,CIN,,CLE,L 16-41,1,2,1,50.0,6,0,0,,0.0,0.0,56.2,0,0,0.0,3.0,3.0,3.0,6.0,6-201,QB,6-201,AlleBr00
624,625,Matthias Farley,6,1,2021-09-12,29-059,TEN,,ARI,L 13-38,1,1,0,100.0,6,0,0,,0.0,0.0,91.7,0,0,0.0,6.0,6.0,6.0,6.0,,DB,,FarlMa00
625,626,Case Keenum,6,3,2021-10-17,33-242,CLE,,ARI,L 14-37,1,3,2,33.3,6,0,0,,0.0,0.0,42.4,0,0,0.0,2.0,2.0,2.0,6.0,,QB,,KeenCa00
626,627,Derrick Henry,5,1,2021-10-24,27-293,TEN,,KAN,W 27-3,1,1,0,100.0,5,1,0,,100.0,0.0,127.1,0,0,0.0,5.0,25.0,25.0,5.0,2-45,RB,2-45,HenrDe00
627,628,Trey Lance,5,1,2021-09-12,21-126,SFO,@,DET,W 41-33,1,1,0,100.0,5,1,0,,100.0,0.0,127.1,0,0,0.0,5.0,25.0,25.0,5.0,1-3,QB,1-3,LancTr00
628,629,Kellen Mond,5,3,2022-01-02,22-194,MIN,@,GNB,L 10-37,2,3,1,66.7,5,0,0,,0.0,0.0,70.1,0,0,0.0,1.7,1.67,1.67,2.5,3-66,QB,3-66,MondKe00
629,630,Josh Rosen,5,3,2021-11-18,24-281,ATL,,NWE,L 0-25,1,3,2,33.3,5,0,1,1.0,0.0,33.3,2.8,0,0,0.0,1.7,-13.33,-13.33,5.0,1-10,QB,1-10,RoseJo01
630,631,John Wolford,5,2,2021-10-31,26-015,LAR,@,HOU,W 38-22,1,2,1,50.0,5,0,0,,0.0,0.0,56.2,1,8,33.33,2.5,2.5,-1.0,5.0,,QB,,WolfJo00
631,632,Ezekiel Elliott,4,1,2021-11-14,26-115,DAL,,ATL,W 43-3,1,1,0,100.0,4,0,0,,0.0,0.0,83.3,0,0,0.0,4.0,4.0,4.0,4.0,1-4,RB,1-4,ElliEz00
632,633,Marcus Mariota,4,1,2022-01-09,28-071,LVR,,LAC,W 35-32 (OT),1,1,0,100.0,4,0,0,,0.0,0.0,83.3,0,0,0.0,4.0,4.0,4.0,4.0,1-2,QB,1-2,MariMa01
633,634,Taysom Hill,3,1,2021-09-12,31-020,NOR,,GNB,W 38-3,1,1,0,100.0,3,0,0,,0.0,0.0,79.2,0,0,0.0,3.0,3.0,3.0,3.0,,QB,,HillTa00
634,635,Johnny Hekker,2,1,2021-11-15,31-280,LAR,@,SFO,L 10-31,1,1,0,100.0,2,0,0,,0.0,0.0,79.2,0,0,0.0,2.0,2.0,2.0,2.0,,P,,HekkJo00
635,636,Greg Ward,2,1,2022-01-08,26-180,PHI,,DAL,L 26-51,1,1,0,100.0,2,0,0,,0.0,0.0,79.2,0,0,0.0,2.0,2.0,2.0,2.0,,WR,,WardGr02
636,637,Kendall Hinton,1,1,2022-01-02,24-317,DEN,@,LAC,L 13-34,1,1,0,100.0,1,0,0,,0.0,0.0,79.2,0,0,0.0,1.0,1.0,1.0,1.0,,WR,,HintKe00
637,638,Mitchell Trubisky,1,1,2021-09-26,27-037,BUF,,WAS,W 43-21,1,1,0,100.0,1,0,0,,0.0,0.0,79.2,0,0,0.0,1.0,1.0,1.0,1.0,1-2,QB,1-2,TrubMi00
638,639,Brandon Allen,0,1,2021-11-28,29-084,CIN,,PIT,W 41-10,0,1,1,0.0,0,0,0,,0.0,0.0,39.6,0,0,0.0,0.0,0.0,0.0,,6-201,QB,6-201,AlleBr00
639,640,Brandon Allen,0,1,2022-01-02,29-119,CIN,,KAN,W 34-31,0,1,1,0.0,0,0,0,,0.0,0.0,39.6,0,0,0.0,0.0,0.0,0.0,,6-201,QB,6-201,AlleBr00
640,641,Keenan Allen,0,1,2021-12-16,29-233,LAC,,KAN,L 28-34 (OT),0,1,1,0.0,0,0,0,,0.0,0.0,39.6,0,0,0.0,0.0,0.0,0.0,,3-76,WR,3-76,AlleKe00
641,642,Danny Amendola,0,1,2021-11-07,36-005,HOU,@,MIA,L 9-17,0,1,1,0.0,0,0,0,,0.0,0.0,39.6,0,0,0.0,0.0,0.0,0.0,,,WR,,AmenDa00
642,643,Cole Beasley,0,1,2021-10-31,32-188,BUF,,MIA,W 26-11,0,1,1,0.0,0,0,0,,0.0,0.0,39.6,0,0,0.0,0.0,0.0,0.0,,,WR,,BeasCo00
643,644,Chris Boswell,0,1,2021-10-31,30-229,PIT,@,CLE,W 15-10,0,1,1,0.0,0,0,0,,0.0,0.0,39.6,0,0,0.0,0.0,0.0,0.0,,,K,,BoswCh00
644,645,A.J. Brown,0,1,2021-10-31,24-123,TEN,@,IND,W 34-31 (OT),0,1,1,0.0,0,0,0,,0.0,0.0,39.6,0,0,0.0,0.0,0.0,0.0,,2-51,WR,2-51,BrowAJ00
645,646,A.J. Brown,0,1,2021-12-23,24-176,TEN,,SFO,W 20-17,0,1,1,0.0,0,0,0,,0.0,0.0,39.6,0,0,0.0,0.0,0.0,0.0,,2-51,WR,2-51,BrowAJ00
646,647,Rex Burkhead,0,1,2021-10-31,31-121,HOU,,LAR,L 22-38,0,1,1,0.0,0,0,0,,0.0,0.0,39.6,0,0,0.0,0.0,0.0,0.0,,6-190,RB,6-190,BurkRe00
647,648,Keelan Cole,0,1,2021-12-19,28-243,NYJ,@,MIA,L 24-31,0,1,1,0.0,0,0,0,,0.0,0.0,39.6,0,0,0.0,0.0,0.0,0.0,,,WR,,ColeKe00
648,649,Riley Dixon,0,1,2021-12-12,28-110,NYG,@,LAC,L 21-37,0,1,1,0.0,0,0,0,,0.0,0.0,39.6,0,0,0.0,0.0,0.0,0.0,,7-228,P,7-228,DixoRi00
649,650,Leonard Fournette,0,1,2021-10-31,26-286,TAM,@,NOR,L 27-36,0,1,1,0.0,0,0,0,,0.0,0.0,39.6,0,0,0.0,0.0,0.0,0.0,,1-4,RB,1-4,FourLe00
650,651,Jack Fox,0,1,2022-01-09,25-130,DET,,GNB,W 37-30,0,1,1,0.0,0,0,0,,0.0,0.0,39.6,0,0,0.0,0.0,0.0,0.0,,,P,,FoxxJa01
651,652,Feleipe Franks,0,1,2021-11-18,23-331,ATL,,NWE,L 0-25,0,1,1,0.0,0,0,1,,0.0,100.0,0.0,0,0,0.0,0.0,-45.0,-45.0,,,QB,,FranFe00
652,653,Blaine Gabbert,0,1,2021-12-26,32-072,TAM,@,CAR,W 32-6,0,1,1,0.0,0,0,0,,0.0,0.0,39.6,0,0,0.0,0.0,0.0,0.0,,1-10,QB,1-10,GabbBl00
653,654,Blaine Gabbert,0,2,2022-01-09,32-086,TAM,,CAR,W 41-17,0,2,2,0.0,0,0,0,,0.0,0.0,39.6,0,0,0.0,0.0,0.0,0.0,,1-10,QB,1-10,GabbBl00
654,655,Mike Gesicki,0,1,2022-01-02,26-091,MIA,@,TEN,L 3-34,0,1,1,0.0,0,0,0,,0.0,0.0,39.6,0,0,0.0,0.0,0.0,0.0,,2-42,TE,2-42,GesiMi00
655,656,Blake Gillikin,0,1,2021-11-25,23-308,NOR,,BUF,L 6-31,0,1,1,0.0,0,0,0,,0.0,0.0,39.6,0,0,0.0,0.0,0.0,0.0,,,P,,GillBl00
656,657,Justin Jefferson,0,1,2021-10-31,22-137,MIN,,DAL,L 16-20,0,1,1,0.0,0,0,0,,0.0,0.0,39.6,0,0,0.0,0.0,0.0,0.0,,1-22,WR,1-22,JeffJu00
657,658,Justin Jefferson,0,1,2021-12-05,22-172,MIN,@,DET,L 27-29,0,1,1,0.0,0,0,0,,0.0,0.0,39.6,0,0,0.0,0.0,0.0,0.0,,1-22,WR,1-22,JeffJu00
658,659,Sam Koch,0,1,2022-01-09,39-149,BAL,,PIT,L 13-16 (OT),0,1,1,0.0,0,0,0,,0.0,0.0,39.6,0,0,0.0,0.0,0.0,0.0,,6-203,P,6-203,KochSa20
659,660,Cooper Kupp,0,1,2021-11-28,28-166,LAR,@,GNB,L 28-36,0,1,1,0.0,0,0,0,,0.0,0.0,39.6,0,0,0.0,0.0,0.0,0.0,,3-69,WR,3-69,KuppCo00
660,661,Ty Long,0,1,2021-10-04,28-181,LAC,,LVR,W 28-14,0,1,1,0.0,0,0,0,,0.0,0.0,39.6,0,0,0.0,0.0,0.0,0.0,,,P,,LongTy00
661,662,Marcus Mariota,0,1,2022-01-02,28-064,LVR,@,IND,W 23-20,0,1,1,0.0,0,0,0,,0.0,0.0,39.6,0,0,0.0,0.0,0.0,0.0,,1-2,QB,1-2,MariMa01
662,663,David Montgomery,0,1,2022-01-02,24-209,CHI,,NYG,W 29-3,0,1,1,0.0,0,0,1,,0.0,100.0,0.0,0,0,0.0,0.0,-45.0,-45.0,,3-73,RB,3-73,MontDa01
663,664,Cordarrelle Patterson,0,1,2021-10-10,30-207,ATL,,NYJ,W 27-20,0,1,1,0.0,0,0,0,,0.0,0.0,39.6,0,0,0.0,0.0,0.0,0.0,,1-29,RB,1-29,PattCo00
664,665,Josh Rosen,0,2,2021-09-19,24-221,ATL,@,TAM,L 25-48,0,2,2,0.0,0,0,0,,0.0,0.0,39.6,0,0,0.0,0.0,0.0,0.0,,1-10,QB,1-10,RoseJo01
665,666,Brett Rypien,0,2,2022-01-02,25-177,DEN,@,LAC,L 13-34,0,2,2,0.0,0,0,0,,0.0,0.0,39.6,0,0,0.0,0.0,0.0,0.0,,,QB,,RypiBr00
666,667,Deebo Samuel,0,1,2021-12-19,25-338,SFO,,ATL,W 31-13,0,1,1,0.0,0,0,0,,0.0,0.0,39.6,0,0,0.0,0.0,0.0,0.0,,2-36,WR,2-36,SamuDe00
667,668,D'Andre Swift,0,1,2021-09-26,22-255,DET,,BAL,L 17-19,0,1,1,0.0,0,0,0,,0.0,0.0,39.6,0,0,0.0,0.0,0.0,0.0,,2-35,RB,2-35,SwifDA00
668,669,Kadarius Toney,0,1,2021-10-10,22-256,NYG,@,DAL,L 20-44,0,1,1,0.0,0,0,0,,0.0,0.0,39.6,0,0,0.0,0.0,0.0,0.0,,1-20,WR,1-20,ToneKa00
669,670,Kadarius Toney,0,1,2021-11-22,22-299,NYG,@,TAM,L 10-30,0,1,1,0.0,0,0,0,,0.0,0.0,39.6,0,0,0.0,0.0,0.0,0.0,,1-20,WR,1-20,ToneKa00
670,671,P.J. Walker,0,1,2021-10-31,26-247,CAR,@,ATL,W 19-13,0,1,1,0.0,0,0,0,,0.0,0.0,39.6,0,0,0.0,0.0,0.0,0.0,,,QB,,WalkPh00
671,672,Greg Ward,0,1,2021-09-19,26-069,PHI,,SFO,L 11-17,0,1,1,0.0,0,0,0,,0.0,0.0,39.6,0,0,0.0,0.0,0.0,0.0,,,WR,,WardGr02
672,673,Albert Wilson,0,1,2021-11-21,29-132,MIA,@,NYJ,W 24-17,0,1,1,0.0,0,0,0,,0.0,0.0,39.6,0,0,0.0,0.0,0.0,0.0,,,WR,,WilsAl02
673,674,John Wolford,0,2,2021-10-17,26-001,LAR,@,NYG,W 38-11,0,2,2,0.0,0,0,1,,0.0,50.0,0.0,0,0,0.0,0.0,-22.5,-22.5,,,QB,,WolfJo00
674,675,Brandon Zylstra,0,1,2022-01-09,28-290,CAR,@,TAM,L 17-41,0,1,1,0.0,0,0,0,,0.0,0.0,39.6,0,0,0.0,0.0,0.0,0.0,,,WR,,ZylsBr00
